[
{
    "pk": 1, 
    "model": "auth.user", 
    "fields": {
        "username": "isdabizda", 
        "first_name": "", 
        "last_name": "", 
        "is_active": true, 
        "is_superuser": false, 
        "is_staff": false, 
        "last_login": "2014-06-19T22:07:08.464Z", 
        "groups": [], 
        "user_permissions": [], 
        "password": "pbkdf2_sha256$12000$NTdO3iQWTpgw$psCr4vCfgtrWIp9IcTlxN35kLOfK2YHa6DoIxFlnP7E=", 
        "email": "", 
        "date_joined": "2014-06-19T22:07:08.465Z"
    }
},
{
    "pk": 1, 
    "model": "inboxen.domain", 
    "fields": {
        "domain": "localhost"
    }
},
{
    "pk": 1, 
    "model": "inboxen.inbox", 
    "fields": {
        "domain": 1, 
        "created": "2014-06-19T22:11:20.811Z", 
        "flags": "0", 
        "inbox": "rlaih", 
        "user": 1
    }
},
{
    "pk": 1, 
    "model": "inboxen.email", 
    "fields": {
        "flags": "0", 
        "inbox": 1, 
        "received_date": "2014-06-19T22:33:25.463Z"
    }
},
{
    "pk": 2, 
    "model": "inboxen.email", 
    "fields": {
        "flags": "0", 
        "inbox": 1, 
        "received_date": "2014-06-19T22:33:25.463Z"
    }
},
{
    "pk": 3, 
    "model": "inboxen.email", 
    "fields": {
        "flags": "0", 
        "inbox": 1, 
        "received_date": "2014-06-19T22:33:25.463Z"
    }
},
{
    "pk": 4, 
    "model": "inboxen.email", 
    "fields": {
        "flags": "0", 
        "inbox": 1, 
        "received_date": "2014-06-19T22:33:25.463Z"
    }
},
{
    "pk": 5, 
    "model": "inboxen.email", 
    "fields": {
        "flags": "0", 
        "inbox": 1, 
        "received_date": "2014-06-19T22:33:25.463Z"
    }
},
{
    "pk": 6, 
    "model": "inboxen.email", 
    "fields": {
        "flags": "0", 
        "inbox": 1, 
        "received_date": "2014-06-19T22:33:25.463Z"
    }
},
{
    "pk": 7, 
    "model": "inboxen.email", 
    "fields": {
        "flags": "0", 
        "inbox": 1, 
        "received_date": "2014-06-19T22:33:25.463Z"
    }
},
{
    "pk": 8, 
    "model": "inboxen.email", 
    "fields": {
        "flags": "0", 
        "inbox": 1, 
        "received_date": "2014-06-19T22:33:25.463Z"
    }
},
{
    "pk": 9, 
    "model": "inboxen.email", 
    "fields": {
        "flags": "0", 
        "inbox": 1, 
        "received_date": "2014-06-19T22:33:25.463Z"
    }
},
{
    "pk": 10, 
    "model": "inboxen.email", 
    "fields": {
        "flags": "0", 
        "inbox": 1, 
        "received_date": "2014-06-19T22:33:25.463Z"
    }
},
{
    "pk": 11, 
    "model": "inboxen.email", 
    "fields": {
        "flags": "0", 
        "inbox": 1, 
        "received_date": "2014-06-19T22:33:25.463Z"
    }
},
{
    "pk": 12, 
    "model": "inboxen.email", 
    "fields": {
        "flags": "0", 
        "inbox": 1, 
        "received_date": "2014-06-19T22:33:25.463Z"
    }
},
{
    "pk": 13, 
    "model": "inboxen.email", 
    "fields": {
        "flags": "0", 
        "inbox": 1, 
        "received_date": "2014-06-19T22:33:25.463Z"
    }
},
{
    "pk": 14, 
    "model": "inboxen.email", 
    "fields": {
        "flags": "0", 
        "inbox": 1, 
        "received_date": "2014-06-19T22:33:25.463Z"
    }
},
{
    "pk": 15, 
    "model": "inboxen.email", 
    "fields": {
        "flags": "0", 
        "inbox": 1, 
        "received_date": "2014-06-19T22:33:25.463Z"
    }
},
{
    "pk": 16, 
    "model": "inboxen.email", 
    "fields": {
        "flags": "0", 
        "inbox": 1, 
        "received_date": "2014-06-19T22:33:25.463Z"
    }
},
{
    "pk": 17, 
    "model": "inboxen.email", 
    "fields": {
        "flags": "0", 
        "inbox": 1, 
        "received_date": "2014-06-19T22:33:25.463Z"
    }
},
{
    "pk": 18, 
    "model": "inboxen.email", 
    "fields": {
        "flags": "0", 
        "inbox": 1, 
        "received_date": "2014-06-19T22:33:25.463Z"
    }
},
{
    "pk": 19, 
    "model": "inboxen.email", 
    "fields": {
        "flags": "0", 
        "inbox": 1, 
        "received_date": "2014-06-19T22:33:25.463Z"
    }
},
{
    "pk": 20, 
    "model": "inboxen.email", 
    "fields": {
        "flags": "0", 
        "inbox": 1, 
        "received_date": "2014-06-19T22:33:25.463Z"
    }
},
{
    "pk": 21, 
    "model": "inboxen.email", 
    "fields": {
        "flags": "0", 
        "inbox": 1, 
        "received_date": "2014-06-19T22:33:25.463Z"
    }
},
{
    "pk": 22, 
    "model": "inboxen.email", 
    "fields": {
        "flags": "0", 
        "inbox": 1, 
        "received_date": "2014-06-19T22:33:25.463Z"
    }
},
{
    "pk": 23, 
    "model": "inboxen.email", 
    "fields": {
        "flags": "0", 
        "inbox": 1, 
        "received_date": "2014-06-19T22:33:25.463Z"
    }
},
{
    "pk": 24, 
    "model": "inboxen.email", 
    "fields": {
        "flags": "0", 
        "inbox": 1, 
        "received_date": "2014-06-19T22:33:25.463Z"
    }
},
{
    "pk": 25, 
    "model": "inboxen.email", 
    "fields": {
        "flags": "0", 
        "inbox": 1, 
        "received_date": "2014-06-19T22:33:25.463Z"
    }
},
{
    "pk": 26, 
    "model": "inboxen.email", 
    "fields": {
        "flags": "0", 
        "inbox": 1, 
        "received_date": "2014-06-19T22:33:25.463Z"
    }
},
{
    "pk": 27, 
    "model": "inboxen.email", 
    "fields": {
        "flags": "0", 
        "inbox": 1, 
        "received_date": "2014-06-19T22:33:25.463Z"
    }
},
{
    "pk": 28, 
    "model": "inboxen.email", 
    "fields": {
        "flags": "0", 
        "inbox": 1, 
        "received_date": "2014-06-19T22:33:25.463Z"
    }
},
{
    "pk": 29, 
    "model": "inboxen.email", 
    "fields": {
        "flags": "0", 
        "inbox": 1, 
        "received_date": "2014-06-19T22:33:25.463Z"
    }
},
{
    "pk": 30, 
    "model": "inboxen.email", 
    "fields": {
        "flags": "0", 
        "inbox": 1, 
        "received_date": "2014-06-19T22:33:25.463Z"
    }
},
{
    "pk": 31, 
    "model": "inboxen.email", 
    "fields": {
        "flags": "0", 
        "inbox": 1, 
        "received_date": "2014-06-19T22:33:25.463Z"
    }
},
{
    "pk": 32, 
    "model": "inboxen.email", 
    "fields": {
        "flags": "0", 
        "inbox": 1, 
        "received_date": "2014-06-19T22:33:25.463Z"
    }
},
{
    "pk": 33, 
    "model": "inboxen.email", 
    "fields": {
        "flags": "0", 
        "inbox": 1, 
        "received_date": "2014-06-19T22:33:25.463Z"
    }
},
{
    "pk": 34, 
    "model": "inboxen.email", 
    "fields": {
        "flags": "0", 
        "inbox": 1, 
        "received_date": "2014-06-19T22:33:25.463Z"
    }
},
{
    "pk": 35, 
    "model": "inboxen.email", 
    "fields": {
        "flags": "0", 
        "inbox": 1, 
        "received_date": "2014-06-19T22:33:25.463Z"
    }
},
{
    "pk": 36, 
    "model": "inboxen.email", 
    "fields": {
        "flags": "0", 
        "inbox": 1, 
        "received_date": "2014-06-19T22:33:25.463Z"
    }
},
{
    "pk": 37, 
    "model": "inboxen.email", 
    "fields": {
        "flags": "0", 
        "inbox": 1, 
        "received_date": "2014-06-19T22:33:25.463Z"
    }
},
{
    "pk": 38, 
    "model": "inboxen.email", 
    "fields": {
        "flags": "0", 
        "inbox": 1, 
        "received_date": "2014-06-19T22:33:25.463Z"
    }
},
{
    "pk": 39, 
    "model": "inboxen.email", 
    "fields": {
        "flags": "0", 
        "inbox": 1, 
        "received_date": "2014-06-19T22:33:25.463Z"
    }
},
{
    "pk": 40, 
    "model": "inboxen.email", 
    "fields": {
        "flags": "0", 
        "inbox": 1, 
        "received_date": "2014-06-19T22:33:25.463Z"
    }
},
{
    "pk": 41, 
    "model": "inboxen.email", 
    "fields": {
        "flags": "0", 
        "inbox": 1, 
        "received_date": "2014-06-19T22:33:25.463Z"
    }
},
{
    "pk": 42, 
    "model": "inboxen.email", 
    "fields": {
        "flags": "0", 
        "inbox": 1, 
        "received_date": "2014-06-19T22:33:25.463Z"
    }
},
{
    "pk": 43, 
    "model": "inboxen.email", 
    "fields": {
        "flags": "0", 
        "inbox": 1, 
        "received_date": "2014-06-19T22:33:25.463Z"
    }
},
{
    "pk": 44, 
    "model": "inboxen.email", 
    "fields": {
        "flags": "0", 
        "inbox": 1, 
        "received_date": "2014-06-19T22:33:25.463Z"
    }
},
{
    "pk": 45, 
    "model": "inboxen.email", 
    "fields": {
        "flags": "0", 
        "inbox": 1, 
        "received_date": "2014-06-19T22:33:25.463Z"
    }
},
{
    "pk": 46, 
    "model": "inboxen.email", 
    "fields": {
        "flags": "0", 
        "inbox": 1, 
        "received_date": "2014-06-19T22:33:25.463Z"
    }
},
{
    "pk": 47, 
    "model": "inboxen.email", 
    "fields": {
        "flags": "0", 
        "inbox": 1, 
        "received_date": "2014-06-19T22:33:25.463Z"
    }
},
{
    "pk": 48, 
    "model": "inboxen.email", 
    "fields": {
        "flags": "0", 
        "inbox": 1, 
        "received_date": "2014-06-19T22:33:25.463Z"
    }
},
{
    "pk": 49, 
    "model": "inboxen.email", 
    "fields": {
        "flags": "0", 
        "inbox": 1, 
        "received_date": "2014-06-19T22:33:25.463Z"
    }
},
{
    "pk": 50, 
    "model": "inboxen.email", 
    "fields": {
        "flags": "0", 
        "inbox": 1, 
        "received_date": "2014-06-19T22:33:25.463Z"
    }
},
{
    "pk": 51, 
    "model": "inboxen.email", 
    "fields": {
        "flags": "0", 
        "inbox": 1, 
        "received_date": "2014-06-19T22:33:25.463Z"
    }
},
{
    "pk": 52, 
    "model": "inboxen.email", 
    "fields": {
        "flags": "0", 
        "inbox": 1, 
        "received_date": "2014-06-19T22:33:25.463Z"
    }
},
{
    "pk": 53, 
    "model": "inboxen.email", 
    "fields": {
        "flags": "0", 
        "inbox": 1, 
        "received_date": "2014-06-19T22:33:25.463Z"
    }
},
{
    "pk": 54, 
    "model": "inboxen.email", 
    "fields": {
        "flags": "0", 
        "inbox": 1, 
        "received_date": "2014-06-19T22:33:25.463Z"
    }
},
{
    "pk": 55, 
    "model": "inboxen.email", 
    "fields": {
        "flags": "0", 
        "inbox": 1, 
        "received_date": "2014-06-19T22:33:25.463Z"
    }
},
{
    "pk": 56, 
    "model": "inboxen.email", 
    "fields": {
        "flags": "0", 
        "inbox": 1, 
        "received_date": "2014-06-19T22:33:25.463Z"
    }
},
{
    "pk": 57, 
    "model": "inboxen.email", 
    "fields": {
        "flags": "0", 
        "inbox": 1, 
        "received_date": "2014-06-19T22:33:25.463Z"
    }
},
{
    "pk": 58, 
    "model": "inboxen.email", 
    "fields": {
        "flags": "0", 
        "inbox": 1, 
        "received_date": "2014-06-19T22:33:25.463Z"
    }
},
{
    "pk": 59, 
    "model": "inboxen.email", 
    "fields": {
        "flags": "0", 
        "inbox": 1, 
        "received_date": "2014-06-19T22:33:25.463Z"
    }
},
{
    "pk": 60, 
    "model": "inboxen.email", 
    "fields": {
        "flags": "0", 
        "inbox": 1, 
        "received_date": "2014-06-19T22:33:25.463Z"
    }
},
{
    "pk": 61, 
    "model": "inboxen.email", 
    "fields": {
        "flags": "0", 
        "inbox": 1, 
        "received_date": "2014-06-19T22:33:25.463Z"
    }
},
{
    "pk": 62, 
    "model": "inboxen.email", 
    "fields": {
        "flags": "0", 
        "inbox": 1, 
        "received_date": "2014-06-19T22:33:25.463Z"
    }
},
{
    "pk": 63, 
    "model": "inboxen.email", 
    "fields": {
        "flags": "0", 
        "inbox": 1, 
        "received_date": "2014-06-19T22:33:25.463Z"
    }
},
{
    "pk": 64, 
    "model": "inboxen.email", 
    "fields": {
        "flags": "0", 
        "inbox": 1, 
        "received_date": "2014-06-19T22:33:25.463Z"
    }
},
{
    "pk": 65, 
    "model": "inboxen.email", 
    "fields": {
        "flags": "0", 
        "inbox": 1, 
        "received_date": "2014-06-19T22:33:25.463Z"
    }
},
{
    "pk": 66, 
    "model": "inboxen.email", 
    "fields": {
        "flags": "0", 
        "inbox": 1, 
        "received_date": "2014-06-19T22:33:25.463Z"
    }
},
{
    "pk": 67, 
    "model": "inboxen.email", 
    "fields": {
        "flags": "0", 
        "inbox": 1, 
        "received_date": "2014-06-19T22:33:25.463Z"
    }
},
{
    "pk": 68, 
    "model": "inboxen.email", 
    "fields": {
        "flags": "0", 
        "inbox": 1, 
        "received_date": "2014-06-19T22:33:25.463Z"
    }
},
{
    "pk": 69, 
    "model": "inboxen.email", 
    "fields": {
        "flags": "0", 
        "inbox": 1, 
        "received_date": "2014-06-19T22:33:25.463Z"
    }
},
{
    "pk": 70, 
    "model": "inboxen.email", 
    "fields": {
        "flags": "0", 
        "inbox": 1, 
        "received_date": "2014-06-19T22:33:25.463Z"
    }
},
{
    "pk": 71, 
    "model": "inboxen.email", 
    "fields": {
        "flags": "0", 
        "inbox": 1, 
        "received_date": "2014-06-19T22:33:25.463Z"
    }
},
{
    "pk": 72, 
    "model": "inboxen.email", 
    "fields": {
        "flags": "0", 
        "inbox": 1, 
        "received_date": "2014-06-19T22:33:25.463Z"
    }
},
{
    "pk": 73, 
    "model": "inboxen.email", 
    "fields": {
        "flags": "0", 
        "inbox": 1, 
        "received_date": "2014-06-19T22:33:25.463Z"
    }
},
{
    "pk": 74, 
    "model": "inboxen.email", 
    "fields": {
        "flags": "0", 
        "inbox": 1, 
        "received_date": "2014-06-19T22:33:25.463Z"
    }
},
{
    "pk": 75, 
    "model": "inboxen.email", 
    "fields": {
        "flags": "0", 
        "inbox": 1, 
        "received_date": "2014-06-19T22:33:25.463Z"
    }
},
{
    "pk": 76, 
    "model": "inboxen.email", 
    "fields": {
        "flags": "0", 
        "inbox": 1, 
        "received_date": "2014-06-19T22:33:25.463Z"
    }
},
{
    "pk": 77, 
    "model": "inboxen.email", 
    "fields": {
        "flags": "0", 
        "inbox": 1, 
        "received_date": "2014-06-19T22:33:25.463Z"
    }
},
{
    "pk": 78, 
    "model": "inboxen.email", 
    "fields": {
        "flags": "0", 
        "inbox": 1, 
        "received_date": "2014-06-19T22:33:25.463Z"
    }
},
{
    "pk": 79, 
    "model": "inboxen.email", 
    "fields": {
        "flags": "0", 
        "inbox": 1, 
        "received_date": "2014-06-19T22:33:25.463Z"
    }
},
{
    "pk": 80, 
    "model": "inboxen.email", 
    "fields": {
        "flags": "0", 
        "inbox": 1, 
        "received_date": "2014-06-19T22:33:25.463Z"
    }
},
{
    "pk": 81, 
    "model": "inboxen.email", 
    "fields": {
        "flags": "0", 
        "inbox": 1, 
        "received_date": "2014-06-19T22:33:25.463Z"
    }
},
{
    "pk": 82, 
    "model": "inboxen.email", 
    "fields": {
        "flags": "0", 
        "inbox": 1, 
        "received_date": "2014-06-19T22:33:25.463Z"
    }
},
{
    "pk": 83, 
    "model": "inboxen.email", 
    "fields": {
        "flags": "0", 
        "inbox": 1, 
        "received_date": "2014-06-19T22:33:25.463Z"
    }
},
{
    "pk": 84, 
    "model": "inboxen.email", 
    "fields": {
        "flags": "0", 
        "inbox": 1, 
        "received_date": "2014-06-19T22:33:25.463Z"
    }
},
{
    "pk": 85, 
    "model": "inboxen.email", 
    "fields": {
        "flags": "0", 
        "inbox": 1, 
        "received_date": "2014-06-19T22:33:25.463Z"
    }
},
{
    "pk": 86, 
    "model": "inboxen.email", 
    "fields": {
        "flags": "0", 
        "inbox": 1, 
        "received_date": "2014-06-19T22:33:25.463Z"
    }
},
{
    "pk": 87, 
    "model": "inboxen.email", 
    "fields": {
        "flags": "0", 
        "inbox": 1, 
        "received_date": "2014-06-19T22:33:25.463Z"
    }
},
{
    "pk": 88, 
    "model": "inboxen.email", 
    "fields": {
        "flags": "0", 
        "inbox": 1, 
        "received_date": "2014-06-19T22:33:25.463Z"
    }
},
{
    "pk": 89, 
    "model": "inboxen.email", 
    "fields": {
        "flags": "0", 
        "inbox": 1, 
        "received_date": "2014-06-19T22:33:25.463Z"
    }
},
{
    "pk": 90, 
    "model": "inboxen.email", 
    "fields": {
        "flags": "0", 
        "inbox": 1, 
        "received_date": "2014-06-19T22:33:25.463Z"
    }
},
{
    "pk": 91, 
    "model": "inboxen.email", 
    "fields": {
        "flags": "0", 
        "inbox": 1, 
        "received_date": "2014-06-19T22:33:25.463Z"
    }
},
{
    "pk": 92, 
    "model": "inboxen.email", 
    "fields": {
        "flags": "0", 
        "inbox": 1, 
        "received_date": "2014-06-19T22:33:25.463Z"
    }
},
{
    "pk": 93, 
    "model": "inboxen.email", 
    "fields": {
        "flags": "0", 
        "inbox": 1, 
        "received_date": "2014-06-19T22:33:25.463Z"
    }
},
{
    "pk": 94, 
    "model": "inboxen.email", 
    "fields": {
        "flags": "0", 
        "inbox": 1, 
        "received_date": "2014-06-19T22:33:25.463Z"
    }
},
{
    "pk": 95, 
    "model": "inboxen.email", 
    "fields": {
        "flags": "0", 
        "inbox": 1, 
        "received_date": "2014-06-19T22:33:25.463Z"
    }
},
{
    "pk": 96, 
    "model": "inboxen.email", 
    "fields": {
        "flags": "0", 
        "inbox": 1, 
        "received_date": "2014-06-19T22:33:25.463Z"
    }
},
{
    "pk": 97, 
    "model": "inboxen.email", 
    "fields": {
        "flags": "0", 
        "inbox": 1, 
        "received_date": "2014-06-19T22:33:25.463Z"
    }
},
{
    "pk": 98, 
    "model": "inboxen.email", 
    "fields": {
        "flags": "0", 
        "inbox": 1, 
        "received_date": "2014-06-19T22:33:25.463Z"
    }
},
{
    "pk": 99, 
    "model": "inboxen.email", 
    "fields": {
        "flags": "0", 
        "inbox": 1, 
        "received_date": "2014-06-19T22:33:25.463Z"
    }
},
{
    "pk": 100, 
    "model": "inboxen.email", 
    "fields": {
        "flags": "0", 
        "inbox": 1, 
        "received_date": "2014-06-19T22:33:25.463Z"
    }
},
{
    "pk": 101, 
    "model": "inboxen.email", 
    "fields": {
        "flags": "0", 
        "inbox": 1, 
        "received_date": "2014-06-19T22:33:25.463Z"
    }
},
{
    "pk": 102, 
    "model": "inboxen.email", 
    "fields": {
        "flags": "0", 
        "inbox": 1, 
        "received_date": "2014-06-19T22:33:25.463Z"
    }
},
{
    "pk": 103, 
    "model": "inboxen.email", 
    "fields": {
        "flags": "0", 
        "inbox": 1, 
        "received_date": "2014-06-19T22:33:25.463Z"
    }
},
{
    "pk": 104, 
    "model": "inboxen.email", 
    "fields": {
        "flags": "0", 
        "inbox": 1, 
        "received_date": "2014-06-19T22:33:25.463Z"
    }
},
{
    "pk": 105, 
    "model": "inboxen.email", 
    "fields": {
        "flags": "0", 
        "inbox": 1, 
        "received_date": "2014-06-19T22:33:25.463Z"
    }
},
{
    "pk": 106, 
    "model": "inboxen.email", 
    "fields": {
        "flags": "0", 
        "inbox": 1, 
        "received_date": "2014-06-19T22:33:25.463Z"
    }
},
{
    "pk": 107, 
    "model": "inboxen.email", 
    "fields": {
        "flags": "0", 
        "inbox": 1, 
        "received_date": "2014-06-19T22:33:25.463Z"
    }
},
{
    "pk": 108, 
    "model": "inboxen.email", 
    "fields": {
        "flags": "0", 
        "inbox": 1, 
        "received_date": "2014-06-19T22:33:25.463Z"
    }
},
{
    "pk": 109, 
    "model": "inboxen.email", 
    "fields": {
        "flags": "0", 
        "inbox": 1, 
        "received_date": "2014-06-19T22:33:25.463Z"
    }
},
{
    "pk": 110, 
    "model": "inboxen.email", 
    "fields": {
        "flags": "0", 
        "inbox": 1, 
        "received_date": "2014-06-19T22:33:25.463Z"
    }
},
{
    "pk": 111, 
    "model": "inboxen.email", 
    "fields": {
        "flags": "0", 
        "inbox": 1, 
        "received_date": "2014-06-19T22:33:25.463Z"
    }
},
{
    "pk": 112, 
    "model": "inboxen.email", 
    "fields": {
        "flags": "0", 
        "inbox": 1, 
        "received_date": "2014-06-19T22:33:25.463Z"
    }
},
{
    "pk": 113, 
    "model": "inboxen.email", 
    "fields": {
        "flags": "0", 
        "inbox": 1, 
        "received_date": "2014-06-19T22:33:25.463Z"
    }
},
{
    "pk": 114, 
    "model": "inboxen.email", 
    "fields": {
        "flags": "0", 
        "inbox": 1, 
        "received_date": "2014-06-19T22:33:25.463Z"
    }
},
{
    "pk": 115, 
    "model": "inboxen.email", 
    "fields": {
        "flags": "0", 
        "inbox": 1, 
        "received_date": "2014-06-19T22:33:25.463Z"
    }
},
{
    "pk": 116, 
    "model": "inboxen.email", 
    "fields": {
        "flags": "0", 
        "inbox": 1, 
        "received_date": "2014-06-19T22:33:25.463Z"
    }
},
{
    "pk": 117, 
    "model": "inboxen.email", 
    "fields": {
        "flags": "0", 
        "inbox": 1, 
        "received_date": "2014-06-19T22:33:25.463Z"
    }
},
{
    "pk": 118, 
    "model": "inboxen.email", 
    "fields": {
        "flags": "0", 
        "inbox": 1, 
        "received_date": "2014-06-19T22:33:25.463Z"
    }
},
{
    "pk": 119, 
    "model": "inboxen.email", 
    "fields": {
        "flags": "0", 
        "inbox": 1, 
        "received_date": "2014-06-19T22:33:25.463Z"
    }
},
{
    "pk": 120, 
    "model": "inboxen.email", 
    "fields": {
        "flags": "0", 
        "inbox": 1, 
        "received_date": "2014-06-19T22:33:25.463Z"
    }
},
{
    "pk": 121, 
    "model": "inboxen.email", 
    "fields": {
        "flags": "0", 
        "inbox": 1, 
        "received_date": "2014-06-19T22:33:25.463Z"
    }
},
{
    "pk": 122, 
    "model": "inboxen.email", 
    "fields": {
        "flags": "0", 
        "inbox": 1, 
        "received_date": "2014-06-19T22:33:25.463Z"
    }
},
{
    "pk": 123, 
    "model": "inboxen.email", 
    "fields": {
        "flags": "0", 
        "inbox": 1, 
        "received_date": "2014-06-19T22:33:25.463Z"
    }
},
{
    "pk": 124, 
    "model": "inboxen.email", 
    "fields": {
        "flags": "0", 
        "inbox": 1, 
        "received_date": "2014-06-19T22:33:25.463Z"
    }
},
{
    "pk": 125, 
    "model": "inboxen.email", 
    "fields": {
        "flags": "0", 
        "inbox": 1, 
        "received_date": "2014-06-19T22:33:25.463Z"
    }
},
{
    "pk": 126, 
    "model": "inboxen.email", 
    "fields": {
        "flags": "0", 
        "inbox": 1, 
        "received_date": "2014-06-19T22:33:25.463Z"
    }
},
{
    "pk": 127, 
    "model": "inboxen.email", 
    "fields": {
        "flags": "0", 
        "inbox": 1, 
        "received_date": "2014-06-19T22:33:25.463Z"
    }
},
{
    "pk": 128, 
    "model": "inboxen.email", 
    "fields": {
        "flags": "0", 
        "inbox": 1, 
        "received_date": "2014-06-19T22:33:25.463Z"
    }
},
{
    "pk": 129, 
    "model": "inboxen.email", 
    "fields": {
        "flags": "0", 
        "inbox": 1, 
        "received_date": "2014-06-19T22:33:25.463Z"
    }
},
{
    "pk": 130, 
    "model": "inboxen.email", 
    "fields": {
        "flags": "0", 
        "inbox": 1, 
        "received_date": "2014-06-19T22:33:25.463Z"
    }
},
{
    "pk": 131, 
    "model": "inboxen.email", 
    "fields": {
        "flags": "0", 
        "inbox": 1, 
        "received_date": "2014-06-19T22:33:25.463Z"
    }
},
{
    "pk": 132, 
    "model": "inboxen.email", 
    "fields": {
        "flags": "0", 
        "inbox": 1, 
        "received_date": "2014-06-19T22:33:25.463Z"
    }
},
{
    "pk": 133, 
    "model": "inboxen.email", 
    "fields": {
        "flags": "0", 
        "inbox": 1, 
        "received_date": "2014-06-19T22:33:25.463Z"
    }
},
{
    "pk": 134, 
    "model": "inboxen.email", 
    "fields": {
        "flags": "0", 
        "inbox": 1, 
        "received_date": "2014-06-19T22:33:25.463Z"
    }
},
{
    "pk": 135, 
    "model": "inboxen.email", 
    "fields": {
        "flags": "0", 
        "inbox": 1, 
        "received_date": "2014-06-19T22:33:25.463Z"
    }
},
{
    "pk": 136, 
    "model": "inboxen.email", 
    "fields": {
        "flags": "0", 
        "inbox": 1, 
        "received_date": "2014-06-19T22:33:25.463Z"
    }
},
{
    "pk": 137, 
    "model": "inboxen.email", 
    "fields": {
        "flags": "0", 
        "inbox": 1, 
        "received_date": "2014-06-19T22:33:25.463Z"
    }
},
{
    "pk": 138, 
    "model": "inboxen.email", 
    "fields": {
        "flags": "0", 
        "inbox": 1, 
        "received_date": "2014-06-19T22:33:25.463Z"
    }
},
{
    "pk": 139, 
    "model": "inboxen.email", 
    "fields": {
        "flags": "0", 
        "inbox": 1, 
        "received_date": "2014-06-19T22:33:25.463Z"
    }
},
{
    "pk": 140, 
    "model": "inboxen.email", 
    "fields": {
        "flags": "0", 
        "inbox": 1, 
        "received_date": "2014-06-19T22:33:25.463Z"
    }
},
{
    "pk": 141, 
    "model": "inboxen.email", 
    "fields": {
        "flags": "0", 
        "inbox": 1, 
        "received_date": "2014-06-19T22:33:25.463Z"
    }
},
{
    "pk": 142, 
    "model": "inboxen.email", 
    "fields": {
        "flags": "0", 
        "inbox": 1, 
        "received_date": "2014-06-19T22:33:25.463Z"
    }
},
{
    "pk": 143, 
    "model": "inboxen.email", 
    "fields": {
        "flags": "0", 
        "inbox": 1, 
        "received_date": "2014-06-19T22:33:25.463Z"
    }
},
{
    "pk": 144, 
    "model": "inboxen.email", 
    "fields": {
        "flags": "0", 
        "inbox": 1, 
        "received_date": "2014-06-19T22:33:25.463Z"
    }
},
{
    "pk": 145, 
    "model": "inboxen.email", 
    "fields": {
        "flags": "0", 
        "inbox": 1, 
        "received_date": "2014-06-19T22:33:25.463Z"
    }
},
{
    "pk": 146, 
    "model": "inboxen.email", 
    "fields": {
        "flags": "0", 
        "inbox": 1, 
        "received_date": "2014-06-19T22:33:25.463Z"
    }
},
{
    "pk": 147, 
    "model": "inboxen.email", 
    "fields": {
        "flags": "0", 
        "inbox": 1, 
        "received_date": "2014-06-19T22:33:25.463Z"
    }
},
{
    "pk": 148, 
    "model": "inboxen.email", 
    "fields": {
        "flags": "0", 
        "inbox": 1, 
        "received_date": "2014-06-19T22:33:25.463Z"
    }
},
{
    "pk": 149, 
    "model": "inboxen.email", 
    "fields": {
        "flags": "0", 
        "inbox": 1, 
        "received_date": "2014-06-19T22:33:25.463Z"
    }
},
{
    "pk": 150, 
    "model": "inboxen.email", 
    "fields": {
        "flags": "0", 
        "inbox": 1, 
        "received_date": "2014-06-19T22:33:25.463Z"
    }
},
{
    "pk": 1, 
    "model": "inboxen.body", 
    "fields": {
        "data": "aGk=", 
        "hashed": "sha1:c22b5f9178342609428d6f51b2c5af4c0bde6a42", 
        "size": 2
    }
},
{
    "pk": 1, 
    "model": "inboxen.partlist", 
    "fields": {
        "body": 1, 
        "rght": 2, 
        "parent": null, 
        "level": 0, 
        "lft": 1, 
        "tree_id": 1, 
        "email": 1
    }
},
{
    "pk": 2, 
    "model": "inboxen.partlist", 
    "fields": {
        "body": 1, 
        "rght": 2, 
        "parent": null, 
        "level": 0, 
        "lft": 1, 
        "tree_id": 2, 
        "email": 2
    }
},
{
    "pk": 3, 
    "model": "inboxen.partlist", 
    "fields": {
        "body": 1, 
        "rght": 2, 
        "parent": null, 
        "level": 0, 
        "lft": 1, 
        "tree_id": 3, 
        "email": 3
    }
},
{
    "pk": 4, 
    "model": "inboxen.partlist", 
    "fields": {
        "body": 1, 
        "rght": 2, 
        "parent": null, 
        "level": 0, 
        "lft": 1, 
        "tree_id": 4, 
        "email": 4
    }
},
{
    "pk": 5, 
    "model": "inboxen.partlist", 
    "fields": {
        "body": 1, 
        "rght": 2, 
        "parent": null, 
        "level": 0, 
        "lft": 1, 
        "tree_id": 5, 
        "email": 5
    }
},
{
    "pk": 6, 
    "model": "inboxen.partlist", 
    "fields": {
        "body": 1, 
        "rght": 2, 
        "parent": null, 
        "level": 0, 
        "lft": 1, 
        "tree_id": 6, 
        "email": 6
    }
},
{
    "pk": 7, 
    "model": "inboxen.partlist", 
    "fields": {
        "body": 1, 
        "rght": 2, 
        "parent": null, 
        "level": 0, 
        "lft": 1, 
        "tree_id": 7, 
        "email": 7
    }
},
{
    "pk": 8, 
    "model": "inboxen.partlist", 
    "fields": {
        "body": 1, 
        "rght": 2, 
        "parent": null, 
        "level": 0, 
        "lft": 1, 
        "tree_id": 8, 
        "email": 8
    }
},
{
    "pk": 9, 
    "model": "inboxen.partlist", 
    "fields": {
        "body": 1, 
        "rght": 2, 
        "parent": null, 
        "level": 0, 
        "lft": 1, 
        "tree_id": 9, 
        "email": 9
    }
},
{
    "pk": 10, 
    "model": "inboxen.partlist", 
    "fields": {
        "body": 1, 
        "rght": 2, 
        "parent": null, 
        "level": 0, 
        "lft": 1, 
        "tree_id": 10, 
        "email": 10
    }
},
{
    "pk": 11, 
    "model": "inboxen.partlist", 
    "fields": {
        "body": 1, 
        "rght": 2, 
        "parent": null, 
        "level": 0, 
        "lft": 1, 
        "tree_id": 11, 
        "email": 11
    }
},
{
    "pk": 12, 
    "model": "inboxen.partlist", 
    "fields": {
        "body": 1, 
        "rght": 2, 
        "parent": null, 
        "level": 0, 
        "lft": 1, 
        "tree_id": 12, 
        "email": 12
    }
},
{
    "pk": 13, 
    "model": "inboxen.partlist", 
    "fields": {
        "body": 1, 
        "rght": 2, 
        "parent": null, 
        "level": 0, 
        "lft": 1, 
        "tree_id": 13, 
        "email": 13
    }
},
{
    "pk": 14, 
    "model": "inboxen.partlist", 
    "fields": {
        "body": 1, 
        "rght": 2, 
        "parent": null, 
        "level": 0, 
        "lft": 1, 
        "tree_id": 14, 
        "email": 14
    }
},
{
    "pk": 15, 
    "model": "inboxen.partlist", 
    "fields": {
        "body": 1, 
        "rght": 2, 
        "parent": null, 
        "level": 0, 
        "lft": 1, 
        "tree_id": 15, 
        "email": 15
    }
},
{
    "pk": 16, 
    "model": "inboxen.partlist", 
    "fields": {
        "body": 1, 
        "rght": 2, 
        "parent": null, 
        "level": 0, 
        "lft": 1, 
        "tree_id": 16, 
        "email": 16
    }
},
{
    "pk": 17, 
    "model": "inboxen.partlist", 
    "fields": {
        "body": 1, 
        "rght": 2, 
        "parent": null, 
        "level": 0, 
        "lft": 1, 
        "tree_id": 17, 
        "email": 17
    }
},
{
    "pk": 18, 
    "model": "inboxen.partlist", 
    "fields": {
        "body": 1, 
        "rght": 2, 
        "parent": null, 
        "level": 0, 
        "lft": 1, 
        "tree_id": 18, 
        "email": 18
    }
},
{
    "pk": 19, 
    "model": "inboxen.partlist", 
    "fields": {
        "body": 1, 
        "rght": 2, 
        "parent": null, 
        "level": 0, 
        "lft": 1, 
        "tree_id": 19, 
        "email": 19
    }
},
{
    "pk": 20, 
    "model": "inboxen.partlist", 
    "fields": {
        "body": 1, 
        "rght": 2, 
        "parent": null, 
        "level": 0, 
        "lft": 1, 
        "tree_id": 20, 
        "email": 20
    }
},
{
    "pk": 21, 
    "model": "inboxen.partlist", 
    "fields": {
        "body": 1, 
        "rght": 2, 
        "parent": null, 
        "level": 0, 
        "lft": 1, 
        "tree_id": 21, 
        "email": 21
    }
},
{
    "pk": 22, 
    "model": "inboxen.partlist", 
    "fields": {
        "body": 1, 
        "rght": 2, 
        "parent": null, 
        "level": 0, 
        "lft": 1, 
        "tree_id": 22, 
        "email": 22
    }
},
{
    "pk": 23, 
    "model": "inboxen.partlist", 
    "fields": {
        "body": 1, 
        "rght": 2, 
        "parent": null, 
        "level": 0, 
        "lft": 1, 
        "tree_id": 23, 
        "email": 23
    }
},
{
    "pk": 24, 
    "model": "inboxen.partlist", 
    "fields": {
        "body": 1, 
        "rght": 2, 
        "parent": null, 
        "level": 0, 
        "lft": 1, 
        "tree_id": 24, 
        "email": 24
    }
},
{
    "pk": 25, 
    "model": "inboxen.partlist", 
    "fields": {
        "body": 1, 
        "rght": 2, 
        "parent": null, 
        "level": 0, 
        "lft": 1, 
        "tree_id": 25, 
        "email": 25
    }
},
{
    "pk": 26, 
    "model": "inboxen.partlist", 
    "fields": {
        "body": 1, 
        "rght": 2, 
        "parent": null, 
        "level": 0, 
        "lft": 1, 
        "tree_id": 26, 
        "email": 26
    }
},
{
    "pk": 27, 
    "model": "inboxen.partlist", 
    "fields": {
        "body": 1, 
        "rght": 2, 
        "parent": null, 
        "level": 0, 
        "lft": 1, 
        "tree_id": 27, 
        "email": 27
    }
},
{
    "pk": 28, 
    "model": "inboxen.partlist", 
    "fields": {
        "body": 1, 
        "rght": 2, 
        "parent": null, 
        "level": 0, 
        "lft": 1, 
        "tree_id": 28, 
        "email": 28
    }
},
{
    "pk": 29, 
    "model": "inboxen.partlist", 
    "fields": {
        "body": 1, 
        "rght": 2, 
        "parent": null, 
        "level": 0, 
        "lft": 1, 
        "tree_id": 29, 
        "email": 29
    }
},
{
    "pk": 30, 
    "model": "inboxen.partlist", 
    "fields": {
        "body": 1, 
        "rght": 2, 
        "parent": null, 
        "level": 0, 
        "lft": 1, 
        "tree_id": 30, 
        "email": 30
    }
},
{
    "pk": 31, 
    "model": "inboxen.partlist", 
    "fields": {
        "body": 1, 
        "rght": 2, 
        "parent": null, 
        "level": 0, 
        "lft": 1, 
        "tree_id": 31, 
        "email": 31
    }
},
{
    "pk": 32, 
    "model": "inboxen.partlist", 
    "fields": {
        "body": 1, 
        "rght": 2, 
        "parent": null, 
        "level": 0, 
        "lft": 1, 
        "tree_id": 32, 
        "email": 32
    }
},
{
    "pk": 33, 
    "model": "inboxen.partlist", 
    "fields": {
        "body": 1, 
        "rght": 2, 
        "parent": null, 
        "level": 0, 
        "lft": 1, 
        "tree_id": 33, 
        "email": 33
    }
},
{
    "pk": 34, 
    "model": "inboxen.partlist", 
    "fields": {
        "body": 1, 
        "rght": 2, 
        "parent": null, 
        "level": 0, 
        "lft": 1, 
        "tree_id": 34, 
        "email": 34
    }
},
{
    "pk": 35, 
    "model": "inboxen.partlist", 
    "fields": {
        "body": 1, 
        "rght": 2, 
        "parent": null, 
        "level": 0, 
        "lft": 1, 
        "tree_id": 35, 
        "email": 35
    }
},
{
    "pk": 36, 
    "model": "inboxen.partlist", 
    "fields": {
        "body": 1, 
        "rght": 2, 
        "parent": null, 
        "level": 0, 
        "lft": 1, 
        "tree_id": 36, 
        "email": 36
    }
},
{
    "pk": 37, 
    "model": "inboxen.partlist", 
    "fields": {
        "body": 1, 
        "rght": 2, 
        "parent": null, 
        "level": 0, 
        "lft": 1, 
        "tree_id": 37, 
        "email": 37
    }
},
{
    "pk": 38, 
    "model": "inboxen.partlist", 
    "fields": {
        "body": 1, 
        "rght": 2, 
        "parent": null, 
        "level": 0, 
        "lft": 1, 
        "tree_id": 38, 
        "email": 38
    }
},
{
    "pk": 39, 
    "model": "inboxen.partlist", 
    "fields": {
        "body": 1, 
        "rght": 2, 
        "parent": null, 
        "level": 0, 
        "lft": 1, 
        "tree_id": 39, 
        "email": 39
    }
},
{
    "pk": 40, 
    "model": "inboxen.partlist", 
    "fields": {
        "body": 1, 
        "rght": 2, 
        "parent": null, 
        "level": 0, 
        "lft": 1, 
        "tree_id": 40, 
        "email": 40
    }
},
{
    "pk": 41, 
    "model": "inboxen.partlist", 
    "fields": {
        "body": 1, 
        "rght": 2, 
        "parent": null, 
        "level": 0, 
        "lft": 1, 
        "tree_id": 41, 
        "email": 41
    }
},
{
    "pk": 42, 
    "model": "inboxen.partlist", 
    "fields": {
        "body": 1, 
        "rght": 2, 
        "parent": null, 
        "level": 0, 
        "lft": 1, 
        "tree_id": 42, 
        "email": 42
    }
},
{
    "pk": 43, 
    "model": "inboxen.partlist", 
    "fields": {
        "body": 1, 
        "rght": 2, 
        "parent": null, 
        "level": 0, 
        "lft": 1, 
        "tree_id": 43, 
        "email": 43
    }
},
{
    "pk": 44, 
    "model": "inboxen.partlist", 
    "fields": {
        "body": 1, 
        "rght": 2, 
        "parent": null, 
        "level": 0, 
        "lft": 1, 
        "tree_id": 44, 
        "email": 44
    }
},
{
    "pk": 45, 
    "model": "inboxen.partlist", 
    "fields": {
        "body": 1, 
        "rght": 2, 
        "parent": null, 
        "level": 0, 
        "lft": 1, 
        "tree_id": 45, 
        "email": 45
    }
},
{
    "pk": 46, 
    "model": "inboxen.partlist", 
    "fields": {
        "body": 1, 
        "rght": 2, 
        "parent": null, 
        "level": 0, 
        "lft": 1, 
        "tree_id": 46, 
        "email": 46
    }
},
{
    "pk": 47, 
    "model": "inboxen.partlist", 
    "fields": {
        "body": 1, 
        "rght": 2, 
        "parent": null, 
        "level": 0, 
        "lft": 1, 
        "tree_id": 47, 
        "email": 47
    }
},
{
    "pk": 48, 
    "model": "inboxen.partlist", 
    "fields": {
        "body": 1, 
        "rght": 2, 
        "parent": null, 
        "level": 0, 
        "lft": 1, 
        "tree_id": 48, 
        "email": 48
    }
},
{
    "pk": 49, 
    "model": "inboxen.partlist", 
    "fields": {
        "body": 1, 
        "rght": 2, 
        "parent": null, 
        "level": 0, 
        "lft": 1, 
        "tree_id": 49, 
        "email": 49
    }
},
{
    "pk": 50, 
    "model": "inboxen.partlist", 
    "fields": {
        "body": 1, 
        "rght": 2, 
        "parent": null, 
        "level": 0, 
        "lft": 1, 
        "tree_id": 50, 
        "email": 50
    }
},
{
    "pk": 51, 
    "model": "inboxen.partlist", 
    "fields": {
        "body": 1, 
        "rght": 2, 
        "parent": null, 
        "level": 0, 
        "lft": 1, 
        "tree_id": 51, 
        "email": 51
    }
},
{
    "pk": 52, 
    "model": "inboxen.partlist", 
    "fields": {
        "body": 1, 
        "rght": 2, 
        "parent": null, 
        "level": 0, 
        "lft": 1, 
        "tree_id": 52, 
        "email": 52
    }
},
{
    "pk": 53, 
    "model": "inboxen.partlist", 
    "fields": {
        "body": 1, 
        "rght": 2, 
        "parent": null, 
        "level": 0, 
        "lft": 1, 
        "tree_id": 53, 
        "email": 53
    }
},
{
    "pk": 54, 
    "model": "inboxen.partlist", 
    "fields": {
        "body": 1, 
        "rght": 2, 
        "parent": null, 
        "level": 0, 
        "lft": 1, 
        "tree_id": 54, 
        "email": 54
    }
},
{
    "pk": 55, 
    "model": "inboxen.partlist", 
    "fields": {
        "body": 1, 
        "rght": 2, 
        "parent": null, 
        "level": 0, 
        "lft": 1, 
        "tree_id": 55, 
        "email": 55
    }
},
{
    "pk": 56, 
    "model": "inboxen.partlist", 
    "fields": {
        "body": 1, 
        "rght": 2, 
        "parent": null, 
        "level": 0, 
        "lft": 1, 
        "tree_id": 56, 
        "email": 56
    }
},
{
    "pk": 57, 
    "model": "inboxen.partlist", 
    "fields": {
        "body": 1, 
        "rght": 2, 
        "parent": null, 
        "level": 0, 
        "lft": 1, 
        "tree_id": 57, 
        "email": 57
    }
},
{
    "pk": 58, 
    "model": "inboxen.partlist", 
    "fields": {
        "body": 1, 
        "rght": 2, 
        "parent": null, 
        "level": 0, 
        "lft": 1, 
        "tree_id": 58, 
        "email": 58
    }
},
{
    "pk": 59, 
    "model": "inboxen.partlist", 
    "fields": {
        "body": 1, 
        "rght": 2, 
        "parent": null, 
        "level": 0, 
        "lft": 1, 
        "tree_id": 59, 
        "email": 59
    }
},
{
    "pk": 60, 
    "model": "inboxen.partlist", 
    "fields": {
        "body": 1, 
        "rght": 2, 
        "parent": null, 
        "level": 0, 
        "lft": 1, 
        "tree_id": 60, 
        "email": 60
    }
},
{
    "pk": 61, 
    "model": "inboxen.partlist", 
    "fields": {
        "body": 1, 
        "rght": 2, 
        "parent": null, 
        "level": 0, 
        "lft": 1, 
        "tree_id": 61, 
        "email": 61
    }
},
{
    "pk": 62, 
    "model": "inboxen.partlist", 
    "fields": {
        "body": 1, 
        "rght": 2, 
        "parent": null, 
        "level": 0, 
        "lft": 1, 
        "tree_id": 62, 
        "email": 62
    }
},
{
    "pk": 63, 
    "model": "inboxen.partlist", 
    "fields": {
        "body": 1, 
        "rght": 2, 
        "parent": null, 
        "level": 0, 
        "lft": 1, 
        "tree_id": 63, 
        "email": 63
    }
},
{
    "pk": 64, 
    "model": "inboxen.partlist", 
    "fields": {
        "body": 1, 
        "rght": 2, 
        "parent": null, 
        "level": 0, 
        "lft": 1, 
        "tree_id": 64, 
        "email": 64
    }
},
{
    "pk": 65, 
    "model": "inboxen.partlist", 
    "fields": {
        "body": 1, 
        "rght": 2, 
        "parent": null, 
        "level": 0, 
        "lft": 1, 
        "tree_id": 65, 
        "email": 65
    }
},
{
    "pk": 66, 
    "model": "inboxen.partlist", 
    "fields": {
        "body": 1, 
        "rght": 2, 
        "parent": null, 
        "level": 0, 
        "lft": 1, 
        "tree_id": 66, 
        "email": 66
    }
},
{
    "pk": 67, 
    "model": "inboxen.partlist", 
    "fields": {
        "body": 1, 
        "rght": 2, 
        "parent": null, 
        "level": 0, 
        "lft": 1, 
        "tree_id": 67, 
        "email": 67
    }
},
{
    "pk": 68, 
    "model": "inboxen.partlist", 
    "fields": {
        "body": 1, 
        "rght": 2, 
        "parent": null, 
        "level": 0, 
        "lft": 1, 
        "tree_id": 68, 
        "email": 68
    }
},
{
    "pk": 69, 
    "model": "inboxen.partlist", 
    "fields": {
        "body": 1, 
        "rght": 2, 
        "parent": null, 
        "level": 0, 
        "lft": 1, 
        "tree_id": 69, 
        "email": 69
    }
},
{
    "pk": 70, 
    "model": "inboxen.partlist", 
    "fields": {
        "body": 1, 
        "rght": 2, 
        "parent": null, 
        "level": 0, 
        "lft": 1, 
        "tree_id": 70, 
        "email": 70
    }
},
{
    "pk": 71, 
    "model": "inboxen.partlist", 
    "fields": {
        "body": 1, 
        "rght": 2, 
        "parent": null, 
        "level": 0, 
        "lft": 1, 
        "tree_id": 71, 
        "email": 71
    }
},
{
    "pk": 72, 
    "model": "inboxen.partlist", 
    "fields": {
        "body": 1, 
        "rght": 2, 
        "parent": null, 
        "level": 0, 
        "lft": 1, 
        "tree_id": 72, 
        "email": 72
    }
},
{
    "pk": 73, 
    "model": "inboxen.partlist", 
    "fields": {
        "body": 1, 
        "rght": 2, 
        "parent": null, 
        "level": 0, 
        "lft": 1, 
        "tree_id": 73, 
        "email": 73
    }
},
{
    "pk": 74, 
    "model": "inboxen.partlist", 
    "fields": {
        "body": 1, 
        "rght": 2, 
        "parent": null, 
        "level": 0, 
        "lft": 1, 
        "tree_id": 74, 
        "email": 74
    }
},
{
    "pk": 75, 
    "model": "inboxen.partlist", 
    "fields": {
        "body": 1, 
        "rght": 2, 
        "parent": null, 
        "level": 0, 
        "lft": 1, 
        "tree_id": 75, 
        "email": 75
    }
},
{
    "pk": 76, 
    "model": "inboxen.partlist", 
    "fields": {
        "body": 1, 
        "rght": 2, 
        "parent": null, 
        "level": 0, 
        "lft": 1, 
        "tree_id": 76, 
        "email": 76
    }
},
{
    "pk": 77, 
    "model": "inboxen.partlist", 
    "fields": {
        "body": 1, 
        "rght": 2, 
        "parent": null, 
        "level": 0, 
        "lft": 1, 
        "tree_id": 77, 
        "email": 77
    }
},
{
    "pk": 78, 
    "model": "inboxen.partlist", 
    "fields": {
        "body": 1, 
        "rght": 2, 
        "parent": null, 
        "level": 0, 
        "lft": 1, 
        "tree_id": 78, 
        "email": 78
    }
},
{
    "pk": 79, 
    "model": "inboxen.partlist", 
    "fields": {
        "body": 1, 
        "rght": 2, 
        "parent": null, 
        "level": 0, 
        "lft": 1, 
        "tree_id": 79, 
        "email": 79
    }
},
{
    "pk": 80, 
    "model": "inboxen.partlist", 
    "fields": {
        "body": 1, 
        "rght": 2, 
        "parent": null, 
        "level": 0, 
        "lft": 1, 
        "tree_id": 80, 
        "email": 80
    }
},
{
    "pk": 81, 
    "model": "inboxen.partlist", 
    "fields": {
        "body": 1, 
        "rght": 2, 
        "parent": null, 
        "level": 0, 
        "lft": 1, 
        "tree_id": 81, 
        "email": 81
    }
},
{
    "pk": 82, 
    "model": "inboxen.partlist", 
    "fields": {
        "body": 1, 
        "rght": 2, 
        "parent": null, 
        "level": 0, 
        "lft": 1, 
        "tree_id": 82, 
        "email": 82
    }
},
{
    "pk": 83, 
    "model": "inboxen.partlist", 
    "fields": {
        "body": 1, 
        "rght": 2, 
        "parent": null, 
        "level": 0, 
        "lft": 1, 
        "tree_id": 83, 
        "email": 83
    }
},
{
    "pk": 84, 
    "model": "inboxen.partlist", 
    "fields": {
        "body": 1, 
        "rght": 2, 
        "parent": null, 
        "level": 0, 
        "lft": 1, 
        "tree_id": 84, 
        "email": 84
    }
},
{
    "pk": 85, 
    "model": "inboxen.partlist", 
    "fields": {
        "body": 1, 
        "rght": 2, 
        "parent": null, 
        "level": 0, 
        "lft": 1, 
        "tree_id": 85, 
        "email": 85
    }
},
{
    "pk": 86, 
    "model": "inboxen.partlist", 
    "fields": {
        "body": 1, 
        "rght": 2, 
        "parent": null, 
        "level": 0, 
        "lft": 1, 
        "tree_id": 86, 
        "email": 86
    }
},
{
    "pk": 87, 
    "model": "inboxen.partlist", 
    "fields": {
        "body": 1, 
        "rght": 2, 
        "parent": null, 
        "level": 0, 
        "lft": 1, 
        "tree_id": 87, 
        "email": 87
    }
},
{
    "pk": 88, 
    "model": "inboxen.partlist", 
    "fields": {
        "body": 1, 
        "rght": 2, 
        "parent": null, 
        "level": 0, 
        "lft": 1, 
        "tree_id": 88, 
        "email": 88
    }
},
{
    "pk": 89, 
    "model": "inboxen.partlist", 
    "fields": {
        "body": 1, 
        "rght": 2, 
        "parent": null, 
        "level": 0, 
        "lft": 1, 
        "tree_id": 89, 
        "email": 89
    }
},
{
    "pk": 90, 
    "model": "inboxen.partlist", 
    "fields": {
        "body": 1, 
        "rght": 2, 
        "parent": null, 
        "level": 0, 
        "lft": 1, 
        "tree_id": 90, 
        "email": 90
    }
},
{
    "pk": 91, 
    "model": "inboxen.partlist", 
    "fields": {
        "body": 1, 
        "rght": 2, 
        "parent": null, 
        "level": 0, 
        "lft": 1, 
        "tree_id": 91, 
        "email": 91
    }
},
{
    "pk": 92, 
    "model": "inboxen.partlist", 
    "fields": {
        "body": 1, 
        "rght": 2, 
        "parent": null, 
        "level": 0, 
        "lft": 1, 
        "tree_id": 92, 
        "email": 92
    }
},
{
    "pk": 93, 
    "model": "inboxen.partlist", 
    "fields": {
        "body": 1, 
        "rght": 2, 
        "parent": null, 
        "level": 0, 
        "lft": 1, 
        "tree_id": 93, 
        "email": 93
    }
},
{
    "pk": 94, 
    "model": "inboxen.partlist", 
    "fields": {
        "body": 1, 
        "rght": 2, 
        "parent": null, 
        "level": 0, 
        "lft": 1, 
        "tree_id": 94, 
        "email": 94
    }
},
{
    "pk": 95, 
    "model": "inboxen.partlist", 
    "fields": {
        "body": 1, 
        "rght": 2, 
        "parent": null, 
        "level": 0, 
        "lft": 1, 
        "tree_id": 95, 
        "email": 95
    }
},
{
    "pk": 96, 
    "model": "inboxen.partlist", 
    "fields": {
        "body": 1, 
        "rght": 2, 
        "parent": null, 
        "level": 0, 
        "lft": 1, 
        "tree_id": 96, 
        "email": 96
    }
},
{
    "pk": 97, 
    "model": "inboxen.partlist", 
    "fields": {
        "body": 1, 
        "rght": 2, 
        "parent": null, 
        "level": 0, 
        "lft": 1, 
        "tree_id": 97, 
        "email": 97
    }
},
{
    "pk": 98, 
    "model": "inboxen.partlist", 
    "fields": {
        "body": 1, 
        "rght": 2, 
        "parent": null, 
        "level": 0, 
        "lft": 1, 
        "tree_id": 98, 
        "email": 98
    }
},
{
    "pk": 99, 
    "model": "inboxen.partlist", 
    "fields": {
        "body": 1, 
        "rght": 2, 
        "parent": null, 
        "level": 0, 
        "lft": 1, 
        "tree_id": 99, 
        "email": 99
    }
},
{
    "pk": 100, 
    "model": "inboxen.partlist", 
    "fields": {
        "body": 1, 
        "rght": 2, 
        "parent": null, 
        "level": 0, 
        "lft": 1, 
        "tree_id": 100, 
        "email": 100
    }
},
{
    "pk": 101, 
    "model": "inboxen.partlist", 
    "fields": {
        "body": 1, 
        "rght": 2, 
        "parent": null, 
        "level": 0, 
        "lft": 1, 
        "tree_id": 101, 
        "email": 101
    }
},
{
    "pk": 102, 
    "model": "inboxen.partlist", 
    "fields": {
        "body": 1, 
        "rght": 2, 
        "parent": null, 
        "level": 0, 
        "lft": 1, 
        "tree_id": 102, 
        "email": 102
    }
},
{
    "pk": 103, 
    "model": "inboxen.partlist", 
    "fields": {
        "body": 1, 
        "rght": 2, 
        "parent": null, 
        "level": 0, 
        "lft": 1, 
        "tree_id": 103, 
        "email": 103
    }
},
{
    "pk": 104, 
    "model": "inboxen.partlist", 
    "fields": {
        "body": 1, 
        "rght": 2, 
        "parent": null, 
        "level": 0, 
        "lft": 1, 
        "tree_id": 104, 
        "email": 104
    }
},
{
    "pk": 105, 
    "model": "inboxen.partlist", 
    "fields": {
        "body": 1, 
        "rght": 2, 
        "parent": null, 
        "level": 0, 
        "lft": 1, 
        "tree_id": 105, 
        "email": 105
    }
},
{
    "pk": 106, 
    "model": "inboxen.partlist", 
    "fields": {
        "body": 1, 
        "rght": 2, 
        "parent": null, 
        "level": 0, 
        "lft": 1, 
        "tree_id": 106, 
        "email": 106
    }
},
{
    "pk": 107, 
    "model": "inboxen.partlist", 
    "fields": {
        "body": 1, 
        "rght": 2, 
        "parent": null, 
        "level": 0, 
        "lft": 1, 
        "tree_id": 107, 
        "email": 107
    }
},
{
    "pk": 108, 
    "model": "inboxen.partlist", 
    "fields": {
        "body": 1, 
        "rght": 2, 
        "parent": null, 
        "level": 0, 
        "lft": 1, 
        "tree_id": 108, 
        "email": 108
    }
},
{
    "pk": 109, 
    "model": "inboxen.partlist", 
    "fields": {
        "body": 1, 
        "rght": 2, 
        "parent": null, 
        "level": 0, 
        "lft": 1, 
        "tree_id": 109, 
        "email": 109
    }
},
{
    "pk": 110, 
    "model": "inboxen.partlist", 
    "fields": {
        "body": 1, 
        "rght": 2, 
        "parent": null, 
        "level": 0, 
        "lft": 1, 
        "tree_id": 110, 
        "email": 110
    }
},
{
    "pk": 111, 
    "model": "inboxen.partlist", 
    "fields": {
        "body": 1, 
        "rght": 2, 
        "parent": null, 
        "level": 0, 
        "lft": 1, 
        "tree_id": 111, 
        "email": 111
    }
},
{
    "pk": 112, 
    "model": "inboxen.partlist", 
    "fields": {
        "body": 1, 
        "rght": 2, 
        "parent": null, 
        "level": 0, 
        "lft": 1, 
        "tree_id": 112, 
        "email": 112
    }
},
{
    "pk": 113, 
    "model": "inboxen.partlist", 
    "fields": {
        "body": 1, 
        "rght": 2, 
        "parent": null, 
        "level": 0, 
        "lft": 1, 
        "tree_id": 113, 
        "email": 113
    }
},
{
    "pk": 114, 
    "model": "inboxen.partlist", 
    "fields": {
        "body": 1, 
        "rght": 2, 
        "parent": null, 
        "level": 0, 
        "lft": 1, 
        "tree_id": 114, 
        "email": 114
    }
},
{
    "pk": 115, 
    "model": "inboxen.partlist", 
    "fields": {
        "body": 1, 
        "rght": 2, 
        "parent": null, 
        "level": 0, 
        "lft": 1, 
        "tree_id": 115, 
        "email": 115
    }
},
{
    "pk": 116, 
    "model": "inboxen.partlist", 
    "fields": {
        "body": 1, 
        "rght": 2, 
        "parent": null, 
        "level": 0, 
        "lft": 1, 
        "tree_id": 116, 
        "email": 116
    }
},
{
    "pk": 117, 
    "model": "inboxen.partlist", 
    "fields": {
        "body": 1, 
        "rght": 2, 
        "parent": null, 
        "level": 0, 
        "lft": 1, 
        "tree_id": 117, 
        "email": 117
    }
},
{
    "pk": 118, 
    "model": "inboxen.partlist", 
    "fields": {
        "body": 1, 
        "rght": 2, 
        "parent": null, 
        "level": 0, 
        "lft": 1, 
        "tree_id": 118, 
        "email": 118
    }
},
{
    "pk": 119, 
    "model": "inboxen.partlist", 
    "fields": {
        "body": 1, 
        "rght": 2, 
        "parent": null, 
        "level": 0, 
        "lft": 1, 
        "tree_id": 119, 
        "email": 119
    }
},
{
    "pk": 120, 
    "model": "inboxen.partlist", 
    "fields": {
        "body": 1, 
        "rght": 2, 
        "parent": null, 
        "level": 0, 
        "lft": 1, 
        "tree_id": 120, 
        "email": 120
    }
},
{
    "pk": 121, 
    "model": "inboxen.partlist", 
    "fields": {
        "body": 1, 
        "rght": 2, 
        "parent": null, 
        "level": 0, 
        "lft": 1, 
        "tree_id": 121, 
        "email": 121
    }
},
{
    "pk": 122, 
    "model": "inboxen.partlist", 
    "fields": {
        "body": 1, 
        "rght": 2, 
        "parent": null, 
        "level": 0, 
        "lft": 1, 
        "tree_id": 122, 
        "email": 122
    }
},
{
    "pk": 123, 
    "model": "inboxen.partlist", 
    "fields": {
        "body": 1, 
        "rght": 2, 
        "parent": null, 
        "level": 0, 
        "lft": 1, 
        "tree_id": 123, 
        "email": 123
    }
},
{
    "pk": 124, 
    "model": "inboxen.partlist", 
    "fields": {
        "body": 1, 
        "rght": 2, 
        "parent": null, 
        "level": 0, 
        "lft": 1, 
        "tree_id": 124, 
        "email": 124
    }
},
{
    "pk": 125, 
    "model": "inboxen.partlist", 
    "fields": {
        "body": 1, 
        "rght": 2, 
        "parent": null, 
        "level": 0, 
        "lft": 1, 
        "tree_id": 125, 
        "email": 125
    }
},
{
    "pk": 126, 
    "model": "inboxen.partlist", 
    "fields": {
        "body": 1, 
        "rght": 2, 
        "parent": null, 
        "level": 0, 
        "lft": 1, 
        "tree_id": 126, 
        "email": 126
    }
},
{
    "pk": 127, 
    "model": "inboxen.partlist", 
    "fields": {
        "body": 1, 
        "rght": 2, 
        "parent": null, 
        "level": 0, 
        "lft": 1, 
        "tree_id": 127, 
        "email": 127
    }
},
{
    "pk": 128, 
    "model": "inboxen.partlist", 
    "fields": {
        "body": 1, 
        "rght": 2, 
        "parent": null, 
        "level": 0, 
        "lft": 1, 
        "tree_id": 128, 
        "email": 128
    }
},
{
    "pk": 129, 
    "model": "inboxen.partlist", 
    "fields": {
        "body": 1, 
        "rght": 2, 
        "parent": null, 
        "level": 0, 
        "lft": 1, 
        "tree_id": 129, 
        "email": 129
    }
},
{
    "pk": 130, 
    "model": "inboxen.partlist", 
    "fields": {
        "body": 1, 
        "rght": 2, 
        "parent": null, 
        "level": 0, 
        "lft": 1, 
        "tree_id": 130, 
        "email": 130
    }
},
{
    "pk": 131, 
    "model": "inboxen.partlist", 
    "fields": {
        "body": 1, 
        "rght": 2, 
        "parent": null, 
        "level": 0, 
        "lft": 1, 
        "tree_id": 131, 
        "email": 131
    }
},
{
    "pk": 132, 
    "model": "inboxen.partlist", 
    "fields": {
        "body": 1, 
        "rght": 2, 
        "parent": null, 
        "level": 0, 
        "lft": 1, 
        "tree_id": 132, 
        "email": 132
    }
},
{
    "pk": 133, 
    "model": "inboxen.partlist", 
    "fields": {
        "body": 1, 
        "rght": 2, 
        "parent": null, 
        "level": 0, 
        "lft": 1, 
        "tree_id": 133, 
        "email": 133
    }
},
{
    "pk": 134, 
    "model": "inboxen.partlist", 
    "fields": {
        "body": 1, 
        "rght": 2, 
        "parent": null, 
        "level": 0, 
        "lft": 1, 
        "tree_id": 134, 
        "email": 134
    }
},
{
    "pk": 135, 
    "model": "inboxen.partlist", 
    "fields": {
        "body": 1, 
        "rght": 2, 
        "parent": null, 
        "level": 0, 
        "lft": 1, 
        "tree_id": 135, 
        "email": 135
    }
},
{
    "pk": 136, 
    "model": "inboxen.partlist", 
    "fields": {
        "body": 1, 
        "rght": 2, 
        "parent": null, 
        "level": 0, 
        "lft": 1, 
        "tree_id": 136, 
        "email": 136
    }
},
{
    "pk": 137, 
    "model": "inboxen.partlist", 
    "fields": {
        "body": 1, 
        "rght": 2, 
        "parent": null, 
        "level": 0, 
        "lft": 1, 
        "tree_id": 137, 
        "email": 137
    }
},
{
    "pk": 138, 
    "model": "inboxen.partlist", 
    "fields": {
        "body": 1, 
        "rght": 2, 
        "parent": null, 
        "level": 0, 
        "lft": 1, 
        "tree_id": 138, 
        "email": 138
    }
},
{
    "pk": 139, 
    "model": "inboxen.partlist", 
    "fields": {
        "body": 1, 
        "rght": 2, 
        "parent": null, 
        "level": 0, 
        "lft": 1, 
        "tree_id": 139, 
        "email": 139
    }
},
{
    "pk": 140, 
    "model": "inboxen.partlist", 
    "fields": {
        "body": 1, 
        "rght": 2, 
        "parent": null, 
        "level": 0, 
        "lft": 1, 
        "tree_id": 140, 
        "email": 140
    }
},
{
    "pk": 141, 
    "model": "inboxen.partlist", 
    "fields": {
        "body": 1, 
        "rght": 2, 
        "parent": null, 
        "level": 0, 
        "lft": 1, 
        "tree_id": 141, 
        "email": 141
    }
},
{
    "pk": 142, 
    "model": "inboxen.partlist", 
    "fields": {
        "body": 1, 
        "rght": 2, 
        "parent": null, 
        "level": 0, 
        "lft": 1, 
        "tree_id": 142, 
        "email": 142
    }
},
{
    "pk": 143, 
    "model": "inboxen.partlist", 
    "fields": {
        "body": 1, 
        "rght": 2, 
        "parent": null, 
        "level": 0, 
        "lft": 1, 
        "tree_id": 143, 
        "email": 143
    }
},
{
    "pk": 144, 
    "model": "inboxen.partlist", 
    "fields": {
        "body": 1, 
        "rght": 2, 
        "parent": null, 
        "level": 0, 
        "lft": 1, 
        "tree_id": 144, 
        "email": 144
    }
},
{
    "pk": 145, 
    "model": "inboxen.partlist", 
    "fields": {
        "body": 1, 
        "rght": 2, 
        "parent": null, 
        "level": 0, 
        "lft": 1, 
        "tree_id": 145, 
        "email": 145
    }
},
{
    "pk": 146, 
    "model": "inboxen.partlist", 
    "fields": {
        "body": 1, 
        "rght": 2, 
        "parent": null, 
        "level": 0, 
        "lft": 1, 
        "tree_id": 146, 
        "email": 146
    }
},
{
    "pk": 147, 
    "model": "inboxen.partlist", 
    "fields": {
        "body": 1, 
        "rght": 2, 
        "parent": null, 
        "level": 0, 
        "lft": 1, 
        "tree_id": 147, 
        "email": 147
    }
},
{
    "pk": 148, 
    "model": "inboxen.partlist", 
    "fields": {
        "body": 1, 
        "rght": 2, 
        "parent": null, 
        "level": 0, 
        "lft": 1, 
        "tree_id": 148, 
        "email": 148
    }
},
{
    "pk": 149, 
    "model": "inboxen.partlist", 
    "fields": {
        "body": 1, 
        "rght": 2, 
        "parent": null, 
        "level": 0, 
        "lft": 1, 
        "tree_id": 149, 
        "email": 149
    }
},
{
    "pk": 150, 
    "model": "inboxen.partlist", 
    "fields": {
        "body": 1, 
        "rght": 2, 
        "parent": null, 
        "level": 0, 
        "lft": 1, 
        "tree_id": 150, 
        "email": 150
    }
},
{
    "pk": 1, 
    "model": "inboxen.headername", 
    "fields": {
        "name": "Subject"
    }
},
{
    "pk": 2, 
    "model": "inboxen.headername", 
    "fields": {
        "name": "From"
    }
},
{
    "pk": 1, 
    "model": "inboxen.headerdata", 
    "fields": {
        "data": "Hello", 
        "hashed": "sha1:f7ff9e8b7bb2e09b70935a5d785e0cc5d9d0abf0"
    }
},
{
    "pk": 2, 
    "model": "inboxen.headerdata", 
    "fields": {
        "data": "test@localhost", 
        "hashed": "sha1:1a3b7690ea2608d13988aca8339acf759daa8483"
    }
},
{
    "pk": 1, 
    "model": "inboxen.header", 
    "fields": {
        "ordinal": 0, 
        "part": 1, 
        "data": 1, 
        "name": 1
    }
},
{
    "pk": 2, 
    "model": "inboxen.header", 
    "fields": {
        "ordinal": 1, 
        "part": 1, 
        "data": 2, 
        "name": 2
    }
},
{
    "pk": 3, 
    "model": "inboxen.header", 
    "fields": {
        "ordinal": 0, 
        "part": 2, 
        "data": 1, 
        "name": 1
    }
},
{
    "pk": 4, 
    "model": "inboxen.header", 
    "fields": {
        "ordinal": 1, 
        "part": 2, 
        "data": 2, 
        "name": 2
    }
},
{
    "pk": 5, 
    "model": "inboxen.header", 
    "fields": {
        "ordinal": 0, 
        "part": 3, 
        "data": 1, 
        "name": 1
    }
},
{
    "pk": 6, 
    "model": "inboxen.header", 
    "fields": {
        "ordinal": 1, 
        "part": 3, 
        "data": 2, 
        "name": 2
    }
},
{
    "pk": 7, 
    "model": "inboxen.header", 
    "fields": {
        "ordinal": 0, 
        "part": 4, 
        "data": 1, 
        "name": 1
    }
},
{
    "pk": 8, 
    "model": "inboxen.header", 
    "fields": {
        "ordinal": 1, 
        "part": 4, 
        "data": 2, 
        "name": 2
    }
},
{
    "pk": 9, 
    "model": "inboxen.header", 
    "fields": {
        "ordinal": 0, 
        "part": 5, 
        "data": 1, 
        "name": 1
    }
},
{
    "pk": 10, 
    "model": "inboxen.header", 
    "fields": {
        "ordinal": 1, 
        "part": 5, 
        "data": 2, 
        "name": 2
    }
},
{
    "pk": 11, 
    "model": "inboxen.header", 
    "fields": {
        "ordinal": 0, 
        "part": 6, 
        "data": 1, 
        "name": 1
    }
},
{
    "pk": 12, 
    "model": "inboxen.header", 
    "fields": {
        "ordinal": 1, 
        "part": 6, 
        "data": 2, 
        "name": 2
    }
},
{
    "pk": 13, 
    "model": "inboxen.header", 
    "fields": {
        "ordinal": 0, 
        "part": 7, 
        "data": 1, 
        "name": 1
    }
},
{
    "pk": 14, 
    "model": "inboxen.header", 
    "fields": {
        "ordinal": 1, 
        "part": 7, 
        "data": 2, 
        "name": 2
    }
},
{
    "pk": 15, 
    "model": "inboxen.header", 
    "fields": {
        "ordinal": 0, 
        "part": 8, 
        "data": 1, 
        "name": 1
    }
},
{
    "pk": 16, 
    "model": "inboxen.header", 
    "fields": {
        "ordinal": 1, 
        "part": 8, 
        "data": 2, 
        "name": 2
    }
},
{
    "pk": 17, 
    "model": "inboxen.header", 
    "fields": {
        "ordinal": 0, 
        "part": 9, 
        "data": 1, 
        "name": 1
    }
},
{
    "pk": 18, 
    "model": "inboxen.header", 
    "fields": {
        "ordinal": 1, 
        "part": 9, 
        "data": 2, 
        "name": 2
    }
},
{
    "pk": 19, 
    "model": "inboxen.header", 
    "fields": {
        "ordinal": 0, 
        "part": 10, 
        "data": 1, 
        "name": 1
    }
},
{
    "pk": 20, 
    "model": "inboxen.header", 
    "fields": {
        "ordinal": 1, 
        "part": 10, 
        "data": 2, 
        "name": 2
    }
},
{
    "pk": 21, 
    "model": "inboxen.header", 
    "fields": {
        "ordinal": 0, 
        "part": 11, 
        "data": 1, 
        "name": 1
    }
},
{
    "pk": 22, 
    "model": "inboxen.header", 
    "fields": {
        "ordinal": 1, 
        "part": 11, 
        "data": 2, 
        "name": 2
    }
},
{
    "pk": 23, 
    "model": "inboxen.header", 
    "fields": {
        "ordinal": 0, 
        "part": 12, 
        "data": 1, 
        "name": 1
    }
},
{
    "pk": 24, 
    "model": "inboxen.header", 
    "fields": {
        "ordinal": 1, 
        "part": 12, 
        "data": 2, 
        "name": 2
    }
},
{
    "pk": 25, 
    "model": "inboxen.header", 
    "fields": {
        "ordinal": 0, 
        "part": 13, 
        "data": 1, 
        "name": 1
    }
},
{
    "pk": 26, 
    "model": "inboxen.header", 
    "fields": {
        "ordinal": 1, 
        "part": 13, 
        "data": 2, 
        "name": 2
    }
},
{
    "pk": 27, 
    "model": "inboxen.header", 
    "fields": {
        "ordinal": 0, 
        "part": 14, 
        "data": 1, 
        "name": 1
    }
},
{
    "pk": 28, 
    "model": "inboxen.header", 
    "fields": {
        "ordinal": 1, 
        "part": 14, 
        "data": 2, 
        "name": 2
    }
},
{
    "pk": 29, 
    "model": "inboxen.header", 
    "fields": {
        "ordinal": 0, 
        "part": 15, 
        "data": 1, 
        "name": 1
    }
},
{
    "pk": 30, 
    "model": "inboxen.header", 
    "fields": {
        "ordinal": 1, 
        "part": 15, 
        "data": 2, 
        "name": 2
    }
},
{
    "pk": 31, 
    "model": "inboxen.header", 
    "fields": {
        "ordinal": 0, 
        "part": 16, 
        "data": 1, 
        "name": 1
    }
},
{
    "pk": 32, 
    "model": "inboxen.header", 
    "fields": {
        "ordinal": 1, 
        "part": 16, 
        "data": 2, 
        "name": 2
    }
},
{
    "pk": 33, 
    "model": "inboxen.header", 
    "fields": {
        "ordinal": 0, 
        "part": 17, 
        "data": 1, 
        "name": 1
    }
},
{
    "pk": 34, 
    "model": "inboxen.header", 
    "fields": {
        "ordinal": 1, 
        "part": 17, 
        "data": 2, 
        "name": 2
    }
},
{
    "pk": 35, 
    "model": "inboxen.header", 
    "fields": {
        "ordinal": 0, 
        "part": 18, 
        "data": 1, 
        "name": 1
    }
},
{
    "pk": 36, 
    "model": "inboxen.header", 
    "fields": {
        "ordinal": 1, 
        "part": 18, 
        "data": 2, 
        "name": 2
    }
},
{
    "pk": 37, 
    "model": "inboxen.header", 
    "fields": {
        "ordinal": 0, 
        "part": 19, 
        "data": 1, 
        "name": 1
    }
},
{
    "pk": 38, 
    "model": "inboxen.header", 
    "fields": {
        "ordinal": 1, 
        "part": 19, 
        "data": 2, 
        "name": 2
    }
},
{
    "pk": 39, 
    "model": "inboxen.header", 
    "fields": {
        "ordinal": 0, 
        "part": 20, 
        "data": 1, 
        "name": 1
    }
},
{
    "pk": 40, 
    "model": "inboxen.header", 
    "fields": {
        "ordinal": 1, 
        "part": 20, 
        "data": 2, 
        "name": 2
    }
},
{
    "pk": 41, 
    "model": "inboxen.header", 
    "fields": {
        "ordinal": 0, 
        "part": 21, 
        "data": 1, 
        "name": 1
    }
},
{
    "pk": 42, 
    "model": "inboxen.header", 
    "fields": {
        "ordinal": 1, 
        "part": 21, 
        "data": 2, 
        "name": 2
    }
},
{
    "pk": 43, 
    "model": "inboxen.header", 
    "fields": {
        "ordinal": 0, 
        "part": 22, 
        "data": 1, 
        "name": 1
    }
},
{
    "pk": 44, 
    "model": "inboxen.header", 
    "fields": {
        "ordinal": 1, 
        "part": 22, 
        "data": 2, 
        "name": 2
    }
},
{
    "pk": 45, 
    "model": "inboxen.header", 
    "fields": {
        "ordinal": 0, 
        "part": 23, 
        "data": 1, 
        "name": 1
    }
},
{
    "pk": 46, 
    "model": "inboxen.header", 
    "fields": {
        "ordinal": 1, 
        "part": 23, 
        "data": 2, 
        "name": 2
    }
},
{
    "pk": 47, 
    "model": "inboxen.header", 
    "fields": {
        "ordinal": 0, 
        "part": 24, 
        "data": 1, 
        "name": 1
    }
},
{
    "pk": 48, 
    "model": "inboxen.header", 
    "fields": {
        "ordinal": 1, 
        "part": 24, 
        "data": 2, 
        "name": 2
    }
},
{
    "pk": 49, 
    "model": "inboxen.header", 
    "fields": {
        "ordinal": 0, 
        "part": 25, 
        "data": 1, 
        "name": 1
    }
},
{
    "pk": 50, 
    "model": "inboxen.header", 
    "fields": {
        "ordinal": 1, 
        "part": 25, 
        "data": 2, 
        "name": 2
    }
},
{
    "pk": 51, 
    "model": "inboxen.header", 
    "fields": {
        "ordinal": 0, 
        "part": 26, 
        "data": 1, 
        "name": 1
    }
},
{
    "pk": 52, 
    "model": "inboxen.header", 
    "fields": {
        "ordinal": 1, 
        "part": 26, 
        "data": 2, 
        "name": 2
    }
},
{
    "pk": 53, 
    "model": "inboxen.header", 
    "fields": {
        "ordinal": 0, 
        "part": 27, 
        "data": 1, 
        "name": 1
    }
},
{
    "pk": 54, 
    "model": "inboxen.header", 
    "fields": {
        "ordinal": 1, 
        "part": 27, 
        "data": 2, 
        "name": 2
    }
},
{
    "pk": 55, 
    "model": "inboxen.header", 
    "fields": {
        "ordinal": 0, 
        "part": 28, 
        "data": 1, 
        "name": 1
    }
},
{
    "pk": 56, 
    "model": "inboxen.header", 
    "fields": {
        "ordinal": 1, 
        "part": 28, 
        "data": 2, 
        "name": 2
    }
},
{
    "pk": 57, 
    "model": "inboxen.header", 
    "fields": {
        "ordinal": 0, 
        "part": 29, 
        "data": 1, 
        "name": 1
    }
},
{
    "pk": 58, 
    "model": "inboxen.header", 
    "fields": {
        "ordinal": 1, 
        "part": 29, 
        "data": 2, 
        "name": 2
    }
},
{
    "pk": 59, 
    "model": "inboxen.header", 
    "fields": {
        "ordinal": 0, 
        "part": 30, 
        "data": 1, 
        "name": 1
    }
},
{
    "pk": 60, 
    "model": "inboxen.header", 
    "fields": {
        "ordinal": 1, 
        "part": 30, 
        "data": 2, 
        "name": 2
    }
},
{
    "pk": 61, 
    "model": "inboxen.header", 
    "fields": {
        "ordinal": 0, 
        "part": 31, 
        "data": 1, 
        "name": 1
    }
},
{
    "pk": 62, 
    "model": "inboxen.header", 
    "fields": {
        "ordinal": 1, 
        "part": 31, 
        "data": 2, 
        "name": 2
    }
},
{
    "pk": 63, 
    "model": "inboxen.header", 
    "fields": {
        "ordinal": 0, 
        "part": 32, 
        "data": 1, 
        "name": 1
    }
},
{
    "pk": 64, 
    "model": "inboxen.header", 
    "fields": {
        "ordinal": 1, 
        "part": 32, 
        "data": 2, 
        "name": 2
    }
},
{
    "pk": 65, 
    "model": "inboxen.header", 
    "fields": {
        "ordinal": 0, 
        "part": 33, 
        "data": 1, 
        "name": 1
    }
},
{
    "pk": 66, 
    "model": "inboxen.header", 
    "fields": {
        "ordinal": 1, 
        "part": 33, 
        "data": 2, 
        "name": 2
    }
},
{
    "pk": 67, 
    "model": "inboxen.header", 
    "fields": {
        "ordinal": 0, 
        "part": 34, 
        "data": 1, 
        "name": 1
    }
},
{
    "pk": 68, 
    "model": "inboxen.header", 
    "fields": {
        "ordinal": 1, 
        "part": 34, 
        "data": 2, 
        "name": 2
    }
},
{
    "pk": 69, 
    "model": "inboxen.header", 
    "fields": {
        "ordinal": 0, 
        "part": 35, 
        "data": 1, 
        "name": 1
    }
},
{
    "pk": 70, 
    "model": "inboxen.header", 
    "fields": {
        "ordinal": 1, 
        "part": 35, 
        "data": 2, 
        "name": 2
    }
},
{
    "pk": 71, 
    "model": "inboxen.header", 
    "fields": {
        "ordinal": 0, 
        "part": 36, 
        "data": 1, 
        "name": 1
    }
},
{
    "pk": 72, 
    "model": "inboxen.header", 
    "fields": {
        "ordinal": 1, 
        "part": 36, 
        "data": 2, 
        "name": 2
    }
},
{
    "pk": 73, 
    "model": "inboxen.header", 
    "fields": {
        "ordinal": 0, 
        "part": 37, 
        "data": 1, 
        "name": 1
    }
},
{
    "pk": 74, 
    "model": "inboxen.header", 
    "fields": {
        "ordinal": 1, 
        "part": 37, 
        "data": 2, 
        "name": 2
    }
},
{
    "pk": 75, 
    "model": "inboxen.header", 
    "fields": {
        "ordinal": 0, 
        "part": 38, 
        "data": 1, 
        "name": 1
    }
},
{
    "pk": 76, 
    "model": "inboxen.header", 
    "fields": {
        "ordinal": 1, 
        "part": 38, 
        "data": 2, 
        "name": 2
    }
},
{
    "pk": 77, 
    "model": "inboxen.header", 
    "fields": {
        "ordinal": 0, 
        "part": 39, 
        "data": 1, 
        "name": 1
    }
},
{
    "pk": 78, 
    "model": "inboxen.header", 
    "fields": {
        "ordinal": 1, 
        "part": 39, 
        "data": 2, 
        "name": 2
    }
},
{
    "pk": 79, 
    "model": "inboxen.header", 
    "fields": {
        "ordinal": 0, 
        "part": 40, 
        "data": 1, 
        "name": 1
    }
},
{
    "pk": 80, 
    "model": "inboxen.header", 
    "fields": {
        "ordinal": 1, 
        "part": 40, 
        "data": 2, 
        "name": 2
    }
},
{
    "pk": 81, 
    "model": "inboxen.header", 
    "fields": {
        "ordinal": 0, 
        "part": 41, 
        "data": 1, 
        "name": 1
    }
},
{
    "pk": 82, 
    "model": "inboxen.header", 
    "fields": {
        "ordinal": 1, 
        "part": 41, 
        "data": 2, 
        "name": 2
    }
},
{
    "pk": 83, 
    "model": "inboxen.header", 
    "fields": {
        "ordinal": 0, 
        "part": 42, 
        "data": 1, 
        "name": 1
    }
},
{
    "pk": 84, 
    "model": "inboxen.header", 
    "fields": {
        "ordinal": 1, 
        "part": 42, 
        "data": 2, 
        "name": 2
    }
},
{
    "pk": 85, 
    "model": "inboxen.header", 
    "fields": {
        "ordinal": 0, 
        "part": 43, 
        "data": 1, 
        "name": 1
    }
},
{
    "pk": 86, 
    "model": "inboxen.header", 
    "fields": {
        "ordinal": 1, 
        "part": 43, 
        "data": 2, 
        "name": 2
    }
},
{
    "pk": 87, 
    "model": "inboxen.header", 
    "fields": {
        "ordinal": 0, 
        "part": 44, 
        "data": 1, 
        "name": 1
    }
},
{
    "pk": 88, 
    "model": "inboxen.header", 
    "fields": {
        "ordinal": 1, 
        "part": 44, 
        "data": 2, 
        "name": 2
    }
},
{
    "pk": 89, 
    "model": "inboxen.header", 
    "fields": {
        "ordinal": 0, 
        "part": 45, 
        "data": 1, 
        "name": 1
    }
},
{
    "pk": 90, 
    "model": "inboxen.header", 
    "fields": {
        "ordinal": 1, 
        "part": 45, 
        "data": 2, 
        "name": 2
    }
},
{
    "pk": 91, 
    "model": "inboxen.header", 
    "fields": {
        "ordinal": 0, 
        "part": 46, 
        "data": 1, 
        "name": 1
    }
},
{
    "pk": 92, 
    "model": "inboxen.header", 
    "fields": {
        "ordinal": 1, 
        "part": 46, 
        "data": 2, 
        "name": 2
    }
},
{
    "pk": 93, 
    "model": "inboxen.header", 
    "fields": {
        "ordinal": 0, 
        "part": 47, 
        "data": 1, 
        "name": 1
    }
},
{
    "pk": 94, 
    "model": "inboxen.header", 
    "fields": {
        "ordinal": 1, 
        "part": 47, 
        "data": 2, 
        "name": 2
    }
},
{
    "pk": 95, 
    "model": "inboxen.header", 
    "fields": {
        "ordinal": 0, 
        "part": 48, 
        "data": 1, 
        "name": 1
    }
},
{
    "pk": 96, 
    "model": "inboxen.header", 
    "fields": {
        "ordinal": 1, 
        "part": 48, 
        "data": 2, 
        "name": 2
    }
},
{
    "pk": 97, 
    "model": "inboxen.header", 
    "fields": {
        "ordinal": 0, 
        "part": 49, 
        "data": 1, 
        "name": 1
    }
},
{
    "pk": 98, 
    "model": "inboxen.header", 
    "fields": {
        "ordinal": 1, 
        "part": 49, 
        "data": 2, 
        "name": 2
    }
},
{
    "pk": 99, 
    "model": "inboxen.header", 
    "fields": {
        "ordinal": 0, 
        "part": 50, 
        "data": 1, 
        "name": 1
    }
},
{
    "pk": 100, 
    "model": "inboxen.header", 
    "fields": {
        "ordinal": 1, 
        "part": 50, 
        "data": 2, 
        "name": 2
    }
},
{
    "pk": 101, 
    "model": "inboxen.header", 
    "fields": {
        "ordinal": 0, 
        "part": 51, 
        "data": 1, 
        "name": 1
    }
},
{
    "pk": 102, 
    "model": "inboxen.header", 
    "fields": {
        "ordinal": 1, 
        "part": 51, 
        "data": 2, 
        "name": 2
    }
},
{
    "pk": 103, 
    "model": "inboxen.header", 
    "fields": {
        "ordinal": 0, 
        "part": 52, 
        "data": 1, 
        "name": 1
    }
},
{
    "pk": 104, 
    "model": "inboxen.header", 
    "fields": {
        "ordinal": 1, 
        "part": 52, 
        "data": 2, 
        "name": 2
    }
},
{
    "pk": 105, 
    "model": "inboxen.header", 
    "fields": {
        "ordinal": 0, 
        "part": 53, 
        "data": 1, 
        "name": 1
    }
},
{
    "pk": 106, 
    "model": "inboxen.header", 
    "fields": {
        "ordinal": 1, 
        "part": 53, 
        "data": 2, 
        "name": 2
    }
},
{
    "pk": 107, 
    "model": "inboxen.header", 
    "fields": {
        "ordinal": 0, 
        "part": 54, 
        "data": 1, 
        "name": 1
    }
},
{
    "pk": 108, 
    "model": "inboxen.header", 
    "fields": {
        "ordinal": 1, 
        "part": 54, 
        "data": 2, 
        "name": 2
    }
},
{
    "pk": 109, 
    "model": "inboxen.header", 
    "fields": {
        "ordinal": 0, 
        "part": 55, 
        "data": 1, 
        "name": 1
    }
},
{
    "pk": 110, 
    "model": "inboxen.header", 
    "fields": {
        "ordinal": 1, 
        "part": 55, 
        "data": 2, 
        "name": 2
    }
},
{
    "pk": 111, 
    "model": "inboxen.header", 
    "fields": {
        "ordinal": 0, 
        "part": 56, 
        "data": 1, 
        "name": 1
    }
},
{
    "pk": 112, 
    "model": "inboxen.header", 
    "fields": {
        "ordinal": 1, 
        "part": 56, 
        "data": 2, 
        "name": 2
    }
},
{
    "pk": 113, 
    "model": "inboxen.header", 
    "fields": {
        "ordinal": 0, 
        "part": 57, 
        "data": 1, 
        "name": 1
    }
},
{
    "pk": 114, 
    "model": "inboxen.header", 
    "fields": {
        "ordinal": 1, 
        "part": 57, 
        "data": 2, 
        "name": 2
    }
},
{
    "pk": 115, 
    "model": "inboxen.header", 
    "fields": {
        "ordinal": 0, 
        "part": 58, 
        "data": 1, 
        "name": 1
    }
},
{
    "pk": 116, 
    "model": "inboxen.header", 
    "fields": {
        "ordinal": 1, 
        "part": 58, 
        "data": 2, 
        "name": 2
    }
},
{
    "pk": 117, 
    "model": "inboxen.header", 
    "fields": {
        "ordinal": 0, 
        "part": 59, 
        "data": 1, 
        "name": 1
    }
},
{
    "pk": 118, 
    "model": "inboxen.header", 
    "fields": {
        "ordinal": 1, 
        "part": 59, 
        "data": 2, 
        "name": 2
    }
},
{
    "pk": 119, 
    "model": "inboxen.header", 
    "fields": {
        "ordinal": 0, 
        "part": 60, 
        "data": 1, 
        "name": 1
    }
},
{
    "pk": 120, 
    "model": "inboxen.header", 
    "fields": {
        "ordinal": 1, 
        "part": 60, 
        "data": 2, 
        "name": 2
    }
},
{
    "pk": 121, 
    "model": "inboxen.header", 
    "fields": {
        "ordinal": 0, 
        "part": 61, 
        "data": 1, 
        "name": 1
    }
},
{
    "pk": 122, 
    "model": "inboxen.header", 
    "fields": {
        "ordinal": 1, 
        "part": 61, 
        "data": 2, 
        "name": 2
    }
},
{
    "pk": 123, 
    "model": "inboxen.header", 
    "fields": {
        "ordinal": 0, 
        "part": 62, 
        "data": 1, 
        "name": 1
    }
},
{
    "pk": 124, 
    "model": "inboxen.header", 
    "fields": {
        "ordinal": 1, 
        "part": 62, 
        "data": 2, 
        "name": 2
    }
},
{
    "pk": 125, 
    "model": "inboxen.header", 
    "fields": {
        "ordinal": 0, 
        "part": 63, 
        "data": 1, 
        "name": 1
    }
},
{
    "pk": 126, 
    "model": "inboxen.header", 
    "fields": {
        "ordinal": 1, 
        "part": 63, 
        "data": 2, 
        "name": 2
    }
},
{
    "pk": 127, 
    "model": "inboxen.header", 
    "fields": {
        "ordinal": 0, 
        "part": 64, 
        "data": 1, 
        "name": 1
    }
},
{
    "pk": 128, 
    "model": "inboxen.header", 
    "fields": {
        "ordinal": 1, 
        "part": 64, 
        "data": 2, 
        "name": 2
    }
},
{
    "pk": 129, 
    "model": "inboxen.header", 
    "fields": {
        "ordinal": 0, 
        "part": 65, 
        "data": 1, 
        "name": 1
    }
},
{
    "pk": 130, 
    "model": "inboxen.header", 
    "fields": {
        "ordinal": 1, 
        "part": 65, 
        "data": 2, 
        "name": 2
    }
},
{
    "pk": 131, 
    "model": "inboxen.header", 
    "fields": {
        "ordinal": 0, 
        "part": 66, 
        "data": 1, 
        "name": 1
    }
},
{
    "pk": 132, 
    "model": "inboxen.header", 
    "fields": {
        "ordinal": 1, 
        "part": 66, 
        "data": 2, 
        "name": 2
    }
},
{
    "pk": 133, 
    "model": "inboxen.header", 
    "fields": {
        "ordinal": 0, 
        "part": 67, 
        "data": 1, 
        "name": 1
    }
},
{
    "pk": 134, 
    "model": "inboxen.header", 
    "fields": {
        "ordinal": 1, 
        "part": 67, 
        "data": 2, 
        "name": 2
    }
},
{
    "pk": 135, 
    "model": "inboxen.header", 
    "fields": {
        "ordinal": 0, 
        "part": 68, 
        "data": 1, 
        "name": 1
    }
},
{
    "pk": 136, 
    "model": "inboxen.header", 
    "fields": {
        "ordinal": 1, 
        "part": 68, 
        "data": 2, 
        "name": 2
    }
},
{
    "pk": 137, 
    "model": "inboxen.header", 
    "fields": {
        "ordinal": 0, 
        "part": 69, 
        "data": 1, 
        "name": 1
    }
},
{
    "pk": 138, 
    "model": "inboxen.header", 
    "fields": {
        "ordinal": 1, 
        "part": 69, 
        "data": 2, 
        "name": 2
    }
},
{
    "pk": 139, 
    "model": "inboxen.header", 
    "fields": {
        "ordinal": 0, 
        "part": 70, 
        "data": 1, 
        "name": 1
    }
},
{
    "pk": 140, 
    "model": "inboxen.header", 
    "fields": {
        "ordinal": 1, 
        "part": 70, 
        "data": 2, 
        "name": 2
    }
},
{
    "pk": 141, 
    "model": "inboxen.header", 
    "fields": {
        "ordinal": 0, 
        "part": 71, 
        "data": 1, 
        "name": 1
    }
},
{
    "pk": 142, 
    "model": "inboxen.header", 
    "fields": {
        "ordinal": 1, 
        "part": 71, 
        "data": 2, 
        "name": 2
    }
},
{
    "pk": 143, 
    "model": "inboxen.header", 
    "fields": {
        "ordinal": 0, 
        "part": 72, 
        "data": 1, 
        "name": 1
    }
},
{
    "pk": 144, 
    "model": "inboxen.header", 
    "fields": {
        "ordinal": 1, 
        "part": 72, 
        "data": 2, 
        "name": 2
    }
},
{
    "pk": 145, 
    "model": "inboxen.header", 
    "fields": {
        "ordinal": 0, 
        "part": 73, 
        "data": 1, 
        "name": 1
    }
},
{
    "pk": 146, 
    "model": "inboxen.header", 
    "fields": {
        "ordinal": 1, 
        "part": 73, 
        "data": 2, 
        "name": 2
    }
},
{
    "pk": 147, 
    "model": "inboxen.header", 
    "fields": {
        "ordinal": 0, 
        "part": 74, 
        "data": 1, 
        "name": 1
    }
},
{
    "pk": 148, 
    "model": "inboxen.header", 
    "fields": {
        "ordinal": 1, 
        "part": 74, 
        "data": 2, 
        "name": 2
    }
},
{
    "pk": 149, 
    "model": "inboxen.header", 
    "fields": {
        "ordinal": 0, 
        "part": 75, 
        "data": 1, 
        "name": 1
    }
},
{
    "pk": 150, 
    "model": "inboxen.header", 
    "fields": {
        "ordinal": 1, 
        "part": 75, 
        "data": 2, 
        "name": 2
    }
},
{
    "pk": 151, 
    "model": "inboxen.header", 
    "fields": {
        "ordinal": 0, 
        "part": 76, 
        "data": 1, 
        "name": 1
    }
},
{
    "pk": 152, 
    "model": "inboxen.header", 
    "fields": {
        "ordinal": 1, 
        "part": 76, 
        "data": 2, 
        "name": 2
    }
},
{
    "pk": 153, 
    "model": "inboxen.header", 
    "fields": {
        "ordinal": 0, 
        "part": 77, 
        "data": 1, 
        "name": 1
    }
},
{
    "pk": 154, 
    "model": "inboxen.header", 
    "fields": {
        "ordinal": 1, 
        "part": 77, 
        "data": 2, 
        "name": 2
    }
},
{
    "pk": 155, 
    "model": "inboxen.header", 
    "fields": {
        "ordinal": 0, 
        "part": 78, 
        "data": 1, 
        "name": 1
    }
},
{
    "pk": 156, 
    "model": "inboxen.header", 
    "fields": {
        "ordinal": 1, 
        "part": 78, 
        "data": 2, 
        "name": 2
    }
},
{
    "pk": 157, 
    "model": "inboxen.header", 
    "fields": {
        "ordinal": 0, 
        "part": 79, 
        "data": 1, 
        "name": 1
    }
},
{
    "pk": 158, 
    "model": "inboxen.header", 
    "fields": {
        "ordinal": 1, 
        "part": 79, 
        "data": 2, 
        "name": 2
    }
},
{
    "pk": 159, 
    "model": "inboxen.header", 
    "fields": {
        "ordinal": 0, 
        "part": 80, 
        "data": 1, 
        "name": 1
    }
},
{
    "pk": 160, 
    "model": "inboxen.header", 
    "fields": {
        "ordinal": 1, 
        "part": 80, 
        "data": 2, 
        "name": 2
    }
},
{
    "pk": 161, 
    "model": "inboxen.header", 
    "fields": {
        "ordinal": 0, 
        "part": 81, 
        "data": 1, 
        "name": 1
    }
},
{
    "pk": 162, 
    "model": "inboxen.header", 
    "fields": {
        "ordinal": 1, 
        "part": 81, 
        "data": 2, 
        "name": 2
    }
},
{
    "pk": 163, 
    "model": "inboxen.header", 
    "fields": {
        "ordinal": 0, 
        "part": 82, 
        "data": 1, 
        "name": 1
    }
},
{
    "pk": 164, 
    "model": "inboxen.header", 
    "fields": {
        "ordinal": 1, 
        "part": 82, 
        "data": 2, 
        "name": 2
    }
},
{
    "pk": 165, 
    "model": "inboxen.header", 
    "fields": {
        "ordinal": 0, 
        "part": 83, 
        "data": 1, 
        "name": 1
    }
},
{
    "pk": 166, 
    "model": "inboxen.header", 
    "fields": {
        "ordinal": 1, 
        "part": 83, 
        "data": 2, 
        "name": 2
    }
},
{
    "pk": 167, 
    "model": "inboxen.header", 
    "fields": {
        "ordinal": 0, 
        "part": 84, 
        "data": 1, 
        "name": 1
    }
},
{
    "pk": 168, 
    "model": "inboxen.header", 
    "fields": {
        "ordinal": 1, 
        "part": 84, 
        "data": 2, 
        "name": 2
    }
},
{
    "pk": 169, 
    "model": "inboxen.header", 
    "fields": {
        "ordinal": 0, 
        "part": 85, 
        "data": 1, 
        "name": 1
    }
},
{
    "pk": 170, 
    "model": "inboxen.header", 
    "fields": {
        "ordinal": 1, 
        "part": 85, 
        "data": 2, 
        "name": 2
    }
},
{
    "pk": 171, 
    "model": "inboxen.header", 
    "fields": {
        "ordinal": 0, 
        "part": 86, 
        "data": 1, 
        "name": 1
    }
},
{
    "pk": 172, 
    "model": "inboxen.header", 
    "fields": {
        "ordinal": 1, 
        "part": 86, 
        "data": 2, 
        "name": 2
    }
},
{
    "pk": 173, 
    "model": "inboxen.header", 
    "fields": {
        "ordinal": 0, 
        "part": 87, 
        "data": 1, 
        "name": 1
    }
},
{
    "pk": 174, 
    "model": "inboxen.header", 
    "fields": {
        "ordinal": 1, 
        "part": 87, 
        "data": 2, 
        "name": 2
    }
},
{
    "pk": 175, 
    "model": "inboxen.header", 
    "fields": {
        "ordinal": 0, 
        "part": 88, 
        "data": 1, 
        "name": 1
    }
},
{
    "pk": 176, 
    "model": "inboxen.header", 
    "fields": {
        "ordinal": 1, 
        "part": 88, 
        "data": 2, 
        "name": 2
    }
},
{
    "pk": 177, 
    "model": "inboxen.header", 
    "fields": {
        "ordinal": 0, 
        "part": 89, 
        "data": 1, 
        "name": 1
    }
},
{
    "pk": 178, 
    "model": "inboxen.header", 
    "fields": {
        "ordinal": 1, 
        "part": 89, 
        "data": 2, 
        "name": 2
    }
},
{
    "pk": 179, 
    "model": "inboxen.header", 
    "fields": {
        "ordinal": 0, 
        "part": 90, 
        "data": 1, 
        "name": 1
    }
},
{
    "pk": 180, 
    "model": "inboxen.header", 
    "fields": {
        "ordinal": 1, 
        "part": 90, 
        "data": 2, 
        "name": 2
    }
},
{
    "pk": 181, 
    "model": "inboxen.header", 
    "fields": {
        "ordinal": 0, 
        "part": 91, 
        "data": 1, 
        "name": 1
    }
},
{
    "pk": 182, 
    "model": "inboxen.header", 
    "fields": {
        "ordinal": 1, 
        "part": 91, 
        "data": 2, 
        "name": 2
    }
},
{
    "pk": 183, 
    "model": "inboxen.header", 
    "fields": {
        "ordinal": 0, 
        "part": 92, 
        "data": 1, 
        "name": 1
    }
},
{
    "pk": 184, 
    "model": "inboxen.header", 
    "fields": {
        "ordinal": 1, 
        "part": 92, 
        "data": 2, 
        "name": 2
    }
},
{
    "pk": 185, 
    "model": "inboxen.header", 
    "fields": {
        "ordinal": 0, 
        "part": 93, 
        "data": 1, 
        "name": 1
    }
},
{
    "pk": 186, 
    "model": "inboxen.header", 
    "fields": {
        "ordinal": 1, 
        "part": 93, 
        "data": 2, 
        "name": 2
    }
},
{
    "pk": 187, 
    "model": "inboxen.header", 
    "fields": {
        "ordinal": 0, 
        "part": 94, 
        "data": 1, 
        "name": 1
    }
},
{
    "pk": 188, 
    "model": "inboxen.header", 
    "fields": {
        "ordinal": 1, 
        "part": 94, 
        "data": 2, 
        "name": 2
    }
},
{
    "pk": 189, 
    "model": "inboxen.header", 
    "fields": {
        "ordinal": 0, 
        "part": 95, 
        "data": 1, 
        "name": 1
    }
},
{
    "pk": 190, 
    "model": "inboxen.header", 
    "fields": {
        "ordinal": 1, 
        "part": 95, 
        "data": 2, 
        "name": 2
    }
},
{
    "pk": 191, 
    "model": "inboxen.header", 
    "fields": {
        "ordinal": 0, 
        "part": 96, 
        "data": 1, 
        "name": 1
    }
},
{
    "pk": 192, 
    "model": "inboxen.header", 
    "fields": {
        "ordinal": 1, 
        "part": 96, 
        "data": 2, 
        "name": 2
    }
},
{
    "pk": 193, 
    "model": "inboxen.header", 
    "fields": {
        "ordinal": 0, 
        "part": 97, 
        "data": 1, 
        "name": 1
    }
},
{
    "pk": 194, 
    "model": "inboxen.header", 
    "fields": {
        "ordinal": 1, 
        "part": 97, 
        "data": 2, 
        "name": 2
    }
},
{
    "pk": 195, 
    "model": "inboxen.header", 
    "fields": {
        "ordinal": 0, 
        "part": 98, 
        "data": 1, 
        "name": 1
    }
},
{
    "pk": 196, 
    "model": "inboxen.header", 
    "fields": {
        "ordinal": 1, 
        "part": 98, 
        "data": 2, 
        "name": 2
    }
},
{
    "pk": 197, 
    "model": "inboxen.header", 
    "fields": {
        "ordinal": 0, 
        "part": 99, 
        "data": 1, 
        "name": 1
    }
},
{
    "pk": 198, 
    "model": "inboxen.header", 
    "fields": {
        "ordinal": 1, 
        "part": 99, 
        "data": 2, 
        "name": 2
    }
},
{
    "pk": 199, 
    "model": "inboxen.header", 
    "fields": {
        "ordinal": 0, 
        "part": 100, 
        "data": 1, 
        "name": 1
    }
},
{
    "pk": 200, 
    "model": "inboxen.header", 
    "fields": {
        "ordinal": 1, 
        "part": 100, 
        "data": 2, 
        "name": 2
    }
},
{
    "pk": 201, 
    "model": "inboxen.header", 
    "fields": {
        "ordinal": 0, 
        "part": 101, 
        "data": 1, 
        "name": 1
    }
},
{
    "pk": 202, 
    "model": "inboxen.header", 
    "fields": {
        "ordinal": 1, 
        "part": 101, 
        "data": 2, 
        "name": 2
    }
},
{
    "pk": 203, 
    "model": "inboxen.header", 
    "fields": {
        "ordinal": 0, 
        "part": 102, 
        "data": 1, 
        "name": 1
    }
},
{
    "pk": 204, 
    "model": "inboxen.header", 
    "fields": {
        "ordinal": 1, 
        "part": 102, 
        "data": 2, 
        "name": 2
    }
},
{
    "pk": 205, 
    "model": "inboxen.header", 
    "fields": {
        "ordinal": 0, 
        "part": 103, 
        "data": 1, 
        "name": 1
    }
},
{
    "pk": 206, 
    "model": "inboxen.header", 
    "fields": {
        "ordinal": 1, 
        "part": 103, 
        "data": 2, 
        "name": 2
    }
},
{
    "pk": 207, 
    "model": "inboxen.header", 
    "fields": {
        "ordinal": 0, 
        "part": 104, 
        "data": 1, 
        "name": 1
    }
},
{
    "pk": 208, 
    "model": "inboxen.header", 
    "fields": {
        "ordinal": 1, 
        "part": 104, 
        "data": 2, 
        "name": 2
    }
},
{
    "pk": 209, 
    "model": "inboxen.header", 
    "fields": {
        "ordinal": 0, 
        "part": 105, 
        "data": 1, 
        "name": 1
    }
},
{
    "pk": 210, 
    "model": "inboxen.header", 
    "fields": {
        "ordinal": 1, 
        "part": 105, 
        "data": 2, 
        "name": 2
    }
},
{
    "pk": 211, 
    "model": "inboxen.header", 
    "fields": {
        "ordinal": 0, 
        "part": 106, 
        "data": 1, 
        "name": 1
    }
},
{
    "pk": 212, 
    "model": "inboxen.header", 
    "fields": {
        "ordinal": 1, 
        "part": 106, 
        "data": 2, 
        "name": 2
    }
},
{
    "pk": 213, 
    "model": "inboxen.header", 
    "fields": {
        "ordinal": 0, 
        "part": 107, 
        "data": 1, 
        "name": 1
    }
},
{
    "pk": 214, 
    "model": "inboxen.header", 
    "fields": {
        "ordinal": 1, 
        "part": 107, 
        "data": 2, 
        "name": 2
    }
},
{
    "pk": 215, 
    "model": "inboxen.header", 
    "fields": {
        "ordinal": 0, 
        "part": 108, 
        "data": 1, 
        "name": 1
    }
},
{
    "pk": 216, 
    "model": "inboxen.header", 
    "fields": {
        "ordinal": 1, 
        "part": 108, 
        "data": 2, 
        "name": 2
    }
},
{
    "pk": 217, 
    "model": "inboxen.header", 
    "fields": {
        "ordinal": 0, 
        "part": 109, 
        "data": 1, 
        "name": 1
    }
},
{
    "pk": 218, 
    "model": "inboxen.header", 
    "fields": {
        "ordinal": 1, 
        "part": 109, 
        "data": 2, 
        "name": 2
    }
},
{
    "pk": 219, 
    "model": "inboxen.header", 
    "fields": {
        "ordinal": 0, 
        "part": 110, 
        "data": 1, 
        "name": 1
    }
},
{
    "pk": 220, 
    "model": "inboxen.header", 
    "fields": {
        "ordinal": 1, 
        "part": 110, 
        "data": 2, 
        "name": 2
    }
},
{
    "pk": 221, 
    "model": "inboxen.header", 
    "fields": {
        "ordinal": 0, 
        "part": 111, 
        "data": 1, 
        "name": 1
    }
},
{
    "pk": 222, 
    "model": "inboxen.header", 
    "fields": {
        "ordinal": 1, 
        "part": 111, 
        "data": 2, 
        "name": 2
    }
},
{
    "pk": 223, 
    "model": "inboxen.header", 
    "fields": {
        "ordinal": 0, 
        "part": 112, 
        "data": 1, 
        "name": 1
    }
},
{
    "pk": 224, 
    "model": "inboxen.header", 
    "fields": {
        "ordinal": 1, 
        "part": 112, 
        "data": 2, 
        "name": 2
    }
},
{
    "pk": 225, 
    "model": "inboxen.header", 
    "fields": {
        "ordinal": 0, 
        "part": 113, 
        "data": 1, 
        "name": 1
    }
},
{
    "pk": 226, 
    "model": "inboxen.header", 
    "fields": {
        "ordinal": 1, 
        "part": 113, 
        "data": 2, 
        "name": 2
    }
},
{
    "pk": 227, 
    "model": "inboxen.header", 
    "fields": {
        "ordinal": 0, 
        "part": 114, 
        "data": 1, 
        "name": 1
    }
},
{
    "pk": 228, 
    "model": "inboxen.header", 
    "fields": {
        "ordinal": 1, 
        "part": 114, 
        "data": 2, 
        "name": 2
    }
},
{
    "pk": 229, 
    "model": "inboxen.header", 
    "fields": {
        "ordinal": 0, 
        "part": 115, 
        "data": 1, 
        "name": 1
    }
},
{
    "pk": 230, 
    "model": "inboxen.header", 
    "fields": {
        "ordinal": 1, 
        "part": 115, 
        "data": 2, 
        "name": 2
    }
},
{
    "pk": 231, 
    "model": "inboxen.header", 
    "fields": {
        "ordinal": 0, 
        "part": 116, 
        "data": 1, 
        "name": 1
    }
},
{
    "pk": 232, 
    "model": "inboxen.header", 
    "fields": {
        "ordinal": 1, 
        "part": 116, 
        "data": 2, 
        "name": 2
    }
},
{
    "pk": 233, 
    "model": "inboxen.header", 
    "fields": {
        "ordinal": 0, 
        "part": 117, 
        "data": 1, 
        "name": 1
    }
},
{
    "pk": 234, 
    "model": "inboxen.header", 
    "fields": {
        "ordinal": 1, 
        "part": 117, 
        "data": 2, 
        "name": 2
    }
},
{
    "pk": 235, 
    "model": "inboxen.header", 
    "fields": {
        "ordinal": 0, 
        "part": 118, 
        "data": 1, 
        "name": 1
    }
},
{
    "pk": 236, 
    "model": "inboxen.header", 
    "fields": {
        "ordinal": 1, 
        "part": 118, 
        "data": 2, 
        "name": 2
    }
},
{
    "pk": 237, 
    "model": "inboxen.header", 
    "fields": {
        "ordinal": 0, 
        "part": 119, 
        "data": 1, 
        "name": 1
    }
},
{
    "pk": 238, 
    "model": "inboxen.header", 
    "fields": {
        "ordinal": 1, 
        "part": 119, 
        "data": 2, 
        "name": 2
    }
},
{
    "pk": 239, 
    "model": "inboxen.header", 
    "fields": {
        "ordinal": 0, 
        "part": 120, 
        "data": 1, 
        "name": 1
    }
},
{
    "pk": 240, 
    "model": "inboxen.header", 
    "fields": {
        "ordinal": 1, 
        "part": 120, 
        "data": 2, 
        "name": 2
    }
},
{
    "pk": 241, 
    "model": "inboxen.header", 
    "fields": {
        "ordinal": 0, 
        "part": 121, 
        "data": 1, 
        "name": 1
    }
},
{
    "pk": 242, 
    "model": "inboxen.header", 
    "fields": {
        "ordinal": 1, 
        "part": 121, 
        "data": 2, 
        "name": 2
    }
},
{
    "pk": 243, 
    "model": "inboxen.header", 
    "fields": {
        "ordinal": 0, 
        "part": 122, 
        "data": 1, 
        "name": 1
    }
},
{
    "pk": 244, 
    "model": "inboxen.header", 
    "fields": {
        "ordinal": 1, 
        "part": 122, 
        "data": 2, 
        "name": 2
    }
},
{
    "pk": 245, 
    "model": "inboxen.header", 
    "fields": {
        "ordinal": 0, 
        "part": 123, 
        "data": 1, 
        "name": 1
    }
},
{
    "pk": 246, 
    "model": "inboxen.header", 
    "fields": {
        "ordinal": 1, 
        "part": 123, 
        "data": 2, 
        "name": 2
    }
},
{
    "pk": 247, 
    "model": "inboxen.header", 
    "fields": {
        "ordinal": 0, 
        "part": 124, 
        "data": 1, 
        "name": 1
    }
},
{
    "pk": 248, 
    "model": "inboxen.header", 
    "fields": {
        "ordinal": 1, 
        "part": 124, 
        "data": 2, 
        "name": 2
    }
},
{
    "pk": 249, 
    "model": "inboxen.header", 
    "fields": {
        "ordinal": 0, 
        "part": 125, 
        "data": 1, 
        "name": 1
    }
},
{
    "pk": 250, 
    "model": "inboxen.header", 
    "fields": {
        "ordinal": 1, 
        "part": 125, 
        "data": 2, 
        "name": 2
    }
},
{
    "pk": 251, 
    "model": "inboxen.header", 
    "fields": {
        "ordinal": 0, 
        "part": 126, 
        "data": 1, 
        "name": 1
    }
},
{
    "pk": 252, 
    "model": "inboxen.header", 
    "fields": {
        "ordinal": 1, 
        "part": 126, 
        "data": 2, 
        "name": 2
    }
},
{
    "pk": 253, 
    "model": "inboxen.header", 
    "fields": {
        "ordinal": 0, 
        "part": 127, 
        "data": 1, 
        "name": 1
    }
},
{
    "pk": 254, 
    "model": "inboxen.header", 
    "fields": {
        "ordinal": 1, 
        "part": 127, 
        "data": 2, 
        "name": 2
    }
},
{
    "pk": 255, 
    "model": "inboxen.header", 
    "fields": {
        "ordinal": 0, 
        "part": 128, 
        "data": 1, 
        "name": 1
    }
},
{
    "pk": 256, 
    "model": "inboxen.header", 
    "fields": {
        "ordinal": 1, 
        "part": 128, 
        "data": 2, 
        "name": 2
    }
},
{
    "pk": 257, 
    "model": "inboxen.header", 
    "fields": {
        "ordinal": 0, 
        "part": 129, 
        "data": 1, 
        "name": 1
    }
},
{
    "pk": 258, 
    "model": "inboxen.header", 
    "fields": {
        "ordinal": 1, 
        "part": 129, 
        "data": 2, 
        "name": 2
    }
},
{
    "pk": 259, 
    "model": "inboxen.header", 
    "fields": {
        "ordinal": 0, 
        "part": 130, 
        "data": 1, 
        "name": 1
    }
},
{
    "pk": 260, 
    "model": "inboxen.header", 
    "fields": {
        "ordinal": 1, 
        "part": 130, 
        "data": 2, 
        "name": 2
    }
},
{
    "pk": 261, 
    "model": "inboxen.header", 
    "fields": {
        "ordinal": 0, 
        "part": 131, 
        "data": 1, 
        "name": 1
    }
},
{
    "pk": 262, 
    "model": "inboxen.header", 
    "fields": {
        "ordinal": 1, 
        "part": 131, 
        "data": 2, 
        "name": 2
    }
},
{
    "pk": 263, 
    "model": "inboxen.header", 
    "fields": {
        "ordinal": 0, 
        "part": 132, 
        "data": 1, 
        "name": 1
    }
},
{
    "pk": 264, 
    "model": "inboxen.header", 
    "fields": {
        "ordinal": 1, 
        "part": 132, 
        "data": 2, 
        "name": 2
    }
},
{
    "pk": 265, 
    "model": "inboxen.header", 
    "fields": {
        "ordinal": 0, 
        "part": 133, 
        "data": 1, 
        "name": 1
    }
},
{
    "pk": 266, 
    "model": "inboxen.header", 
    "fields": {
        "ordinal": 1, 
        "part": 133, 
        "data": 2, 
        "name": 2
    }
},
{
    "pk": 267, 
    "model": "inboxen.header", 
    "fields": {
        "ordinal": 0, 
        "part": 134, 
        "data": 1, 
        "name": 1
    }
},
{
    "pk": 268, 
    "model": "inboxen.header", 
    "fields": {
        "ordinal": 1, 
        "part": 134, 
        "data": 2, 
        "name": 2
    }
},
{
    "pk": 269, 
    "model": "inboxen.header", 
    "fields": {
        "ordinal": 0, 
        "part": 135, 
        "data": 1, 
        "name": 1
    }
},
{
    "pk": 270, 
    "model": "inboxen.header", 
    "fields": {
        "ordinal": 1, 
        "part": 135, 
        "data": 2, 
        "name": 2
    }
},
{
    "pk": 271, 
    "model": "inboxen.header", 
    "fields": {
        "ordinal": 0, 
        "part": 136, 
        "data": 1, 
        "name": 1
    }
},
{
    "pk": 272, 
    "model": "inboxen.header", 
    "fields": {
        "ordinal": 1, 
        "part": 136, 
        "data": 2, 
        "name": 2
    }
},
{
    "pk": 273, 
    "model": "inboxen.header", 
    "fields": {
        "ordinal": 0, 
        "part": 137, 
        "data": 1, 
        "name": 1
    }
},
{
    "pk": 274, 
    "model": "inboxen.header", 
    "fields": {
        "ordinal": 1, 
        "part": 137, 
        "data": 2, 
        "name": 2
    }
},
{
    "pk": 275, 
    "model": "inboxen.header", 
    "fields": {
        "ordinal": 0, 
        "part": 138, 
        "data": 1, 
        "name": 1
    }
},
{
    "pk": 276, 
    "model": "inboxen.header", 
    "fields": {
        "ordinal": 1, 
        "part": 138, 
        "data": 2, 
        "name": 2
    }
},
{
    "pk": 277, 
    "model": "inboxen.header", 
    "fields": {
        "ordinal": 0, 
        "part": 139, 
        "data": 1, 
        "name": 1
    }
},
{
    "pk": 278, 
    "model": "inboxen.header", 
    "fields": {
        "ordinal": 1, 
        "part": 139, 
        "data": 2, 
        "name": 2
    }
},
{
    "pk": 279, 
    "model": "inboxen.header", 
    "fields": {
        "ordinal": 0, 
        "part": 140, 
        "data": 1, 
        "name": 1
    }
},
{
    "pk": 280, 
    "model": "inboxen.header", 
    "fields": {
        "ordinal": 1, 
        "part": 140, 
        "data": 2, 
        "name": 2
    }
},
{
    "pk": 281, 
    "model": "inboxen.header", 
    "fields": {
        "ordinal": 0, 
        "part": 141, 
        "data": 1, 
        "name": 1
    }
},
{
    "pk": 282, 
    "model": "inboxen.header", 
    "fields": {
        "ordinal": 1, 
        "part": 141, 
        "data": 2, 
        "name": 2
    }
},
{
    "pk": 283, 
    "model": "inboxen.header", 
    "fields": {
        "ordinal": 0, 
        "part": 142, 
        "data": 1, 
        "name": 1
    }
},
{
    "pk": 284, 
    "model": "inboxen.header", 
    "fields": {
        "ordinal": 1, 
        "part": 142, 
        "data": 2, 
        "name": 2
    }
},
{
    "pk": 285, 
    "model": "inboxen.header", 
    "fields": {
        "ordinal": 0, 
        "part": 143, 
        "data": 1, 
        "name": 1
    }
},
{
    "pk": 286, 
    "model": "inboxen.header", 
    "fields": {
        "ordinal": 1, 
        "part": 143, 
        "data": 2, 
        "name": 2
    }
},
{
    "pk": 287, 
    "model": "inboxen.header", 
    "fields": {
        "ordinal": 0, 
        "part": 144, 
        "data": 1, 
        "name": 1
    }
},
{
    "pk": 288, 
    "model": "inboxen.header", 
    "fields": {
        "ordinal": 1, 
        "part": 144, 
        "data": 2, 
        "name": 2
    }
},
{
    "pk": 289, 
    "model": "inboxen.header", 
    "fields": {
        "ordinal": 0, 
        "part": 145, 
        "data": 1, 
        "name": 1
    }
},
{
    "pk": 290, 
    "model": "inboxen.header", 
    "fields": {
        "ordinal": 1, 
        "part": 145, 
        "data": 2, 
        "name": 2
    }
},
{
    "pk": 291, 
    "model": "inboxen.header", 
    "fields": {
        "ordinal": 0, 
        "part": 146, 
        "data": 1, 
        "name": 1
    }
},
{
    "pk": 292, 
    "model": "inboxen.header", 
    "fields": {
        "ordinal": 1, 
        "part": 146, 
        "data": 2, 
        "name": 2
    }
},
{
    "pk": 293, 
    "model": "inboxen.header", 
    "fields": {
        "ordinal": 0, 
        "part": 147, 
        "data": 1, 
        "name": 1
    }
},
{
    "pk": 294, 
    "model": "inboxen.header", 
    "fields": {
        "ordinal": 1, 
        "part": 147, 
        "data": 2, 
        "name": 2
    }
},
{
    "pk": 295, 
    "model": "inboxen.header", 
    "fields": {
        "ordinal": 0, 
        "part": 148, 
        "data": 1, 
        "name": 1
    }
},
{
    "pk": 296, 
    "model": "inboxen.header", 
    "fields": {
        "ordinal": 1, 
        "part": 148, 
        "data": 2, 
        "name": 2
    }
},
{
    "pk": 297, 
    "model": "inboxen.header", 
    "fields": {
        "ordinal": 0, 
        "part": 149, 
        "data": 1, 
        "name": 1
    }
},
{
    "pk": 298, 
    "model": "inboxen.header", 
    "fields": {
        "ordinal": 1, 
        "part": 149, 
        "data": 2, 
        "name": 2
    }
},
{
    "pk": 299, 
    "model": "inboxen.header", 
    "fields": {
        "ordinal": 0, 
        "part": 150, 
        "data": 1, 
        "name": 1
    }
},
{
    "pk": 300, 
    "model": "inboxen.header", 
    "fields": {
        "ordinal": 1, 
        "part": 150, 
        "data": 2, 
        "name": 2
    }
}
]
